Countrywise Labour Approval for Chaitra 2079,,,,,,,,,,,,,,,,,,,
,,Recruiting Agency,,,Individual-New,,,,G-to-G,,Individual-ReEntry,,,Total with ReEntry,,,Total without ReEntry,,
S.N.,Country,Male,Female,Total,Male,Female,Total,Male,Female,Total,Male,Female,Total,Male,Female,Total,Male,Female,Total
1,ALBANIA,2,9,11,7,36,43,0,0,0,0,0,0,9,45,54,9,45,54
2,Antigua & Barbuda,0,0,0,0,0,0,0,0,0,1,0,1,1,0,1,0,0,0
3,Australia,0,0,0,19,5,24,0,0,0,0,0,0,19,5,24,19,5,24
4,Austria,0,0,0,10,1,11,0,0,0,0,0,0,10,1,11,10,1,11
5,Bahrain,218,81,299,17,9,26,0,0,0,302,47,349,537,137,674,235,90,325
6,BELARUS,0,0,0,6,0,6,0,0,0,0,0,0,6,0,6,6,0,6
7,Belgium,0,0,0,1,1,2,0,0,0,0,0,0,1,1,2,1,1,2
8,BOSNIA AND HERZEGOVINA,0,0,0,3,2,5,0,0,0,0,0,0,3,2,5,3,2,5
9,Brazil,0,0,0,1,0,1,0,0,0,0,0,0,1,0,1,1,0,1
10,Brunei Darussalam,19,2,21,39,4,43,0,0,0,34,0,34,92,6,98,58,6,64
11,Burkina Faso,0,0,0,0,0,0,0,0,0,1,0,1,1,0,1,0,0,0
12,Cambodia,0,0,0,4,0,4,0,0,0,0,0,0,4,0,4,4,0,4
13,Canada,0,0,0,46,8,54,0,0,0,0,0,0,46,8,54,46,8,54
14,Cayman,0,0,0,27,2,29,0,0,0,7,2,9,34,4,38,27,2,29
15,CHILE,0,0,0,1,0,1,0,0,0,0,0,0,1,0,1,1,0,1
16,China,0,0,0,2,0,2,0,0,0,11,1,12,13,1,14,2,0,2
17,COLOMBIA,0,0,0,0,0,0,0,0,0,1,0,1,1,0,1,0,0,0
18,Combodia,0,0,0,1,0,1,0,0,0,0,0,0,1,0,1,1,0,1
19,Comoros,0,0,0,1,0,1,0,0,0,1,0,1,2,0,2,1,0,1
20,Croatia,117,5,122,272,116,388,0,0,0,29,1,30,418,122,540,389,121,510
21,Cyprus,90,271,361,1,0,1,0,0,0,5,77,82,96,348,444,91,271,362
22,Czech Republic,0,0,0,1,0,1,0,0,0,9,1,10,10,1,11,1,0,1
23,Egypt,0,0,0,3,1,4,0,0,0,1,1,2,4,2,6,3,1,4
24,Equatorial Guinea,0,0,0,0,0,0,0,0,0,1,0,1,1,0,1,0,0,0
25,ESTONIA,0,0,0,0,0,0,0,0,0,2,0,2,2,0,2,0,0,0
26,Finland,0,0,0,7,0,7,0,0,0,0,0,0,7,0,7,7,0,7
27,France,0,0,0,12,1,13,0,0,0,0,0,0,12,1,13,12,1,13
28,Germany,0,0,0,1,0,1,0,0,0,1,1,2,2,1,3,1,0,1
29,Ghana,0,0,0,2,0,2,0,0,0,0,0,0,2,0,2,2,0,2
30,"Hong Kong SAR,China",1,0,1,0,0,0,0,0,0,1,0,1,2,0,2,1,0,1
31,Hungary,0,0,0,20,0,20,0,0,0,0,0,0,20,0,20,20,0,20
32,Indonesia,0,0,0,1,1,2,0,0,0,0,0,0,1,1,2,1,1,2
33,Ireland,0,0,0,8,0,8,0,0,0,1,0,1,9,0,9,8,0,8
34,Israel,0,16,16,1,1,2,0,0,0,4,14,18,5,31,36,1,17,18
35,Italy,0,0,0,5,0,5,0,0,0,0,0,0,5,0,5,5,0,5
36,Japan,36,30,66,450,87,537,0,0,0,308,17,325,794,134,928,486,117,603
37,Jordan,0,14,14,0,0,0,0,0,0,10,31,41,10,45,55,0,14,14
38,Kazakhastan,0,0,0,0,0,0,0,0,0,1,0,1,1,0,1,0,0,0
39,Kenya,0,0,0,1,0,1,0,0,0,2,0,2,3,0,3,1,0,1
40,Kuwait,1298,371,1669,94,121,215,0,0,0,769,141,910,2161,633,2794,1392,492,1884
41,Lao PDR,0,0,0,1,0,1,0,0,0,0,0,0,1,0,1,1,0,1
42,Latvia,0,0,0,2,0,2,0,0,0,2,0,2,4,0,4,2,0,2
43,Lebanon,0,0,0,0,0,0,0,0,0,1,2,3,1,2,3,0,0,0
44,LITHUANIA,0,0,0,2,0,2,0,0,0,1,0,1,3,0,3,2,0,2
45,"Macau SAR,China",0,0,0,88,7,95,0,0,0,223,1,224,311,8,319,88,7,95
46,Malaysia,11782,331,12113,13,3,16,0,0,0,4055,81,4136,15850,415,16265,11795,334,12129
47,Maldives,3,0,3,161,65,226,0,0,0,69,13,82,233,78,311,164,65,229
48,MALI,0,0,0,2,0,2,0,0,0,1,0,1,3,0,3,2,0,2
49,MALTA,0,0,0,136,32,168,0,0,0,39,13,52,175,45,220,136,32,168
50,Mauritania,0,0,0,2,0,2,0,0,0,0,0,0,2,0,2,2,0,2
51,Mauritius,2,0,2,4,1,5,0,0,0,0,0,0,6,1,7,6,1,7
52,Mexico,0,0,0,8,0,8,0,0,0,0,0,0,8,0,8,8,0,8
53,Morocco,0,0,0,1,0,1,0,0,0,1,1,2,2,1,3,1,0,1
54,Mozambique,0,0,0,0,0,0,0,0,0,0,1,1,0,1,1,0,0,0
55,Netherland,0,0,0,3,0,3,0,0,0,1,0,1,4,0,4,3,0,3
56,New Zealand,0,0,0,59,8,67,0,0,0,1,1,2,60,9,69,59,8,67
57,Nigeria,0,0,0,3,0,3,0,0,0,1,0,1,4,0,4,3,0,3
58,Norway,0,0,0,1,0,1,0,0,0,0,0,0,1,0,1,1,0,1
59,Oman,124,28,152,32,67,99,0,0,0,152,50,202,308,145,453,156,95,251
60,Pakistan,0,0,0,1,0,1,0,0,0,0,0,0,1,0,1,1,0,1
61,Palau,0,0,0,3,0,3,0,0,0,0,0,0,3,0,3,3,0,3
62,PAPUA NEW GUINEA,0,0,0,2,1,3,0,0,0,5,0,5,7,1,8,2,1,3
63,Phillippines,0,0,0,1,0,1,0,0,0,0,0,0,1,0,1,1,0,1
64,Poland,0,0,0,393,76,469,0,0,0,9,0,9,402,76,478,393,76,469
65,Portugal,0,0,0,96,13,109,0,0,0,0,0,0,96,13,109,96,13,109
66,Qatar,1763,194,1957,516,24,540,0,0,0,8522,230,8752,10801,448,11249,2279,218,2497
67,Republic of Bulgaria,0,0,0,14,1,15,0,0,0,0,0,0,14,1,15,14,1,15
68,Republic of Congo,0,0,0,5,0,5,0,0,0,2,0,2,7,0,7,5,0,5
69,Republic of Korea,0,0,0,35,0,35,2095,180,2275,13,0,13,2143,180,2323,2130,180,2310
70,Republic of Lithuania,0,0,0,0,0,0,0,0,0,1,0,1,1,0,1,0,0,0
71,Republic of Macedonia,0,0,0,0,1,1,0,0,0,0,0,0,0,1,1,0,1,1
72,REPUBLIC OF SEYCHELLES,0,0,0,2,0,2,0,0,0,1,0,1,3,0,3,2,0,2
73,Romania,785,86,871,529,75,604,0,0,0,89,14,103,1403,175,1578,1314,161,1475
74,Russia,0,0,0,9,1,10,0,0,0,7,1,8,16,2,18,9,1,10
75,Saudi Arabia,6074,16,6090,14,0,14,0,0,0,5200,60,5260,11288,76,11364,6088,16,6104
76,Serbia,0,0,0,64,25,89,0,0,0,0,0,0,64,25,89,64,25,89
77,Seychelles,0,0,0,15,2,17,0,0,0,28,1,29,43,3,46,15,2,17
78,Sierra Leone,0,0,0,3,0,3,0,0,0,0,0,0,3,0,3,3,0,3
79,Singapore,0,0,0,40,2,42,0,0,0,0,0,0,40,2,42,40,2,42
80,Slovakia(Republic of Slovak),0,0,0,8,0,8,0,0,0,0,0,0,8,0,8,8,0,8
81,Slovenia,0,0,0,21,1,22,0,0,0,1,0,1,22,1,23,21,1,22
82,SOMALIA,0,0,0,0,0,0,0,0,0,2,0,2,2,0,2,0,0,0
83,South Africa,0,0,0,0,2,2,0,0,0,0,0,0,0,2,2,0,2,2
84,South Sudan,0,0,0,1,0,1,0,0,0,1,0,1,2,0,2,1,0,1
85,Spain,0,0,0,9,1,10,0,0,0,0,0,0,9,1,10,9,1,10
86,Sri Lanka,0,0,0,1,0,1,0,0,0,0,0,0,1,0,1,1,0,1
87,Sudan,0,0,0,0,0,0,0,0,0,1,0,1,1,0,1,0,0,0
88,Tanzania,0,0,0,0,1,1,0,0,0,2,0,2,2,1,3,0,1,1
89,Thailand,0,0,0,3,0,3,0,0,0,0,0,0,3,0,3,3,0,3
90,Timor-Leste,0,0,0,2,0,2,0,0,0,0,0,0,2,0,2,2,0,2
91,Trinidad and Tobago,0,0,0,2,0,2,0,0,0,0,0,0,2,0,2,2,0,2
92,Turkey,0,0,0,12,0,12,0,0,0,9,9,18,21,9,30,12,0,12
93,Turks and Caicos Island,0,0,0,6,0,6,0,0,0,2,0,2,8,0,8,6,0,6
94,UAE,3145,838,3983,1244,328,1572,0,0,0,3974,664,4638,8363,1830,10193,4389,1166,5555
95,Uganda,0,0,0,2,0,2,0,0,0,5,0,5,7,0,7,2,0,2
96,United Kingdom,4,0,4,93,48,141,0,0,0,0,0,0,97,48,145,97,48,145
97,USA,0,0,0,32,5,37,0,0,0,0,1,1,32,6,38,32,5,37
98,Uzbekistan,100,0,100,0,0,0,0,0,0,0,0,0,100,0,100,100,0,100
99,Vietnam,0,0,0,1,0,1,0,0,0,0,0,0,1,0,1,1,0,1
100,ZAMBIA,0,0,0,1,0,1,0,0,0,0,0,0,1,0,1,1,0,1
,Total,25563,2292,27855,4762,1186,5948,2095,180,2275,23923,1477,25400,56343,5135,61478,32420,3658,36078
Districtwise Labour Approval for Chaitra 2079,,,,,,,,,,,,,,,,,,,
,,Recruiting Agency,,,Individual-New,,,,G-to-G,,Individual-ReEntry,,,Total with ReEntry,,,Total without ReEntry,,
S.N.,District,Male,Female,Total,Male,Female,Total,Male,Female,Total,Male,Female,Total,Male,Female,Total,Male,Female,Total
1,ACHHAM,218,20,238,21,3,24,11,0,11,22,1,23,272,24,296,250,23,273
2,ARGHAKHANCHI,373,15,388,73,15,88,37,1,38,210,6,216,693,37,730,483,31,514
3,BAGLUNG,528,18,546,183,21,204,55,3,58,363,17,380,1129,59,1188,766,42,808
4,BAITADI,329,7,336,19,2,21,24,0,24,52,3,55,424,12,436,372,9,381
5,BAJHANG,162,9,171,14,1,15,14,0,14,23,0,23,213,10,223,190,10,200
6,BAJURA,160,2,162,17,3,20,4,0,4,24,3,27,205,8,213,181,5,186
7,BANKE,504,25,529,50,12,62,8,0,8,306,20,326,868,57,925,562,37,599
8,BARA,470,26,496,73,11,84,7,2,9,419,17,436,969,56,1025,550,39,589
9,BARDIYA,487,24,511,50,7,57,25,1,26,220,15,235,782,47,829,562,32,594
10,BHAKTAPUR,171,34,205,35,9,44,12,3,15,47,10,57,265,56,321,218,46,264
11,BHOJPUR,361,36,397,36,5,41,47,7,54,209,23,232,653,71,724,444,48,492
12,CHITWAN,460,66,526,180,58,238,29,2,31,509,37,546,1178,163,1341,669,126,795
13,DADELDHURA,175,5,180,15,1,16,11,0,11,25,0,25,226,6,232,201,6,207
14,DAILEKH,224,8,232,16,4,20,15,0,15,48,2,50,303,14,317,255,12,267
15,DANG,726,49,775,83,10,93,52,6,58,431,19,450,1292,84,1376,861,65,926
16,DARCHULA,114,3,117,16,1,17,11,0,11,25,1,26,166,5,171,141,4,145
17,DHADING,444,83,527,95,29,124,25,5,30,267,32,299,831,149,980,564,117,681
18,DHANKUTA,275,39,314,49,15,64,28,4,32,191,27,218,543,85,628,352,58,410
19,DHANUSHA,1058,7,1065,138,5,143,3,0,3,2465,5,2470,3664,17,3681,1199,12,1211
20,DOLAKHA,223,56,279,51,28,79,38,6,44,100,36,136,412,126,538,312,90,402
21,DOLPA,29,4,33,1,0,1,0,0,0,8,2,10,38,6,44,30,4,34
22,DOTI,80,0,80,9,0,9,12,0,12,15,1,16,116,1,117,101,0,101
23,GORKHA,314,51,365,111,19,130,21,2,23,331,22,353,777,94,871,446,72,518
24,GULMI,274,6,280,159,17,176,48,0,48,359,7,366,840,30,870,481,23,504
25,HUMLA,25,5,30,1,0,1,2,0,2,2,1,3,30,6,36,28,5,33
26,ILAM,324,68,392,30,23,53,75,6,81,211,52,263,640,149,789,429,97,526
27,JAJARKOT,200,6,206,6,1,7,7,0,7,30,2,32,243,9,252,213,7,220
28,JHAPA,942,196,1138,182,95,277,99,11,110,1140,158,1298,2363,460,2823,1223,302,1525
29,JUMLA,84,2,86,4,0,4,1,0,1,11,0,11,100,2,102,89,2,91
30,KAILALI,262,24,286,48,8,56,64,2,66,150,12,162,524,46,570,374,34,408
31,KALIKOT,54,1,55,7,0,7,7,0,7,15,3,18,83,4,87,68,1,69
32,KANCHANPUR,249,9,258,56,9,65,32,0,32,180,11,191,517,29,546,337,18,355
33,KAPILVASTU,427,10,437,101,10,111,17,1,18,532,7,539,1077,28,1105,545,21,566
34,Kaski,251,31,282,135,29,164,43,6,49,390,28,418,819,94,913,429,66,495
35,KATHMANDU,95,68,163,95,52,147,12,6,18,180,75,255,382,201,583,202,126,328
36,KAVREPALANCHOK,352,112,464,90,46,136,40,2,42,215,66,281,697,226,923,482,160,642
37,KHOTANG,345,22,367,31,15,46,64,8,72,257,19,276,697,64,761,440,45,485
38,LALITPUR,120,37,157,42,14,56,13,2,15,71,23,94,246,76,322,175,53,228
39,LAMJUNG,248,18,266,65,19,84,14,1,15,270,8,278,597,46,643,327,38,365
40,MAHOTTARI,819,9,828,94,5,99,3,0,3,1537,4,1541,2453,18,2471,916,14,930
41,MAKAWANPUR,383,121,504,58,45,103,37,7,44,232,66,298,710,239,949,478,173,651
42,MANANG,11,0,11,3,0,3,0,0,0,4,0,4,18,0,18,14,0,14
43,MORANG,870,114,984,162,55,217,77,6,83,1036,92,1128,2145,267,2412,1109,175,1284
44,MUGU,37,0,37,1,0,1,2,0,2,3,0,3,43,0,43,40,0,40
45,MUSTANG,9,4,13,1,2,3,1,0,1,3,1,4,14,7,21,11,6,17
46,MYAGDI,175,17,192,62,14,76,38,4,42,162,13,175,437,48,485,275,35,310
47,NAWALPARASI,31,2,33,0,0,0,0,0,0,0,0,0,31,2,33,31,2,33
48,NAWALPARASI EAST,442,35,477,115,21,136,26,0,26,451,21,472,1034,77,1111,583,56,639
49,NAWALPARASI WEST,300,10,310,63,12,75,18,1,19,405,23,428,786,46,832,381,23,404
50,NUWAKOT,272,72,344,74,47,121,33,12,45,199,46,245,578,177,755,379,131,510
51,OKHALDHUNGA,198,18,216,29,4,33,21,2,23,111,11,122,359,35,394,248,24,272
52,PALPA,333,13,346,71,12,83,28,2,30,391,10,401,823,37,860,432,27,459
53,PANCHTHAR,257,29,286,47,7,54,115,5,120,194,21,215,613,62,675,419,41,460
54,PARBAT,160,4,164,67,11,78,40,2,42,242,4,246,509,21,530,267,17,284
55,PARSA,274,9,283,27,1,28,5,0,5,220,10,230,526,20,546,306,10,316
56,PYUTHAN,283,5,288,30,4,34,18,0,18,126,0,126,457,9,466,331,9,340
57,RAMECHHAP,257,50,307,61,21,82,52,6,58,132,41,173,502,118,620,370,77,447
58,RASUWA,40,17,57,17,9,26,2,0,2,21,10,31,80,36,116,59,26,85
59,RAUTAHAT,594,16,610,51,5,56,6,0,6,401,4,405,1052,25,1077,651,21,672
60,ROLPA,467,11,478,42,8,50,19,2,21,194,8,202,722,29,751,528,21,549
61,RUKUM,5,1,6,0,0,0,0,0,0,0,0,0,5,1,6,5,1,6
62,RUKUM EAST,134,2,136,8,2,10,3,0,3,56,1,57,201,5,206,145,4,149
63,RUKUM WEST,168,3,171,16,6,22,10,0,10,39,3,42,233,12,245,194,9,203
64,RUPANDEHI,683,37,720,197,57,254,64,0,64,855,40,895,1799,134,1933,944,94,1038
65,SALYAN,487,19,506,36,0,36,10,0,10,150,4,154,683,23,706,533,19,552
66,SANKHUWASABHA,226,14,240,49,7,56,42,2,44,120,10,130,437,33,470,317,23,340
67,SAPTARI,681,5,686,57,2,59,2,0,2,833,1,834,1573,8,1581,740,7,747
68,SARLAHI,848,32,880,69,11,80,10,0,10,877,22,899,1804,65,1869,927,43,970
69,SINDHULI,341,54,395,54,14,68,19,3,22,223,23,246,637,94,731,414,71,485
70,SINDHUPALCHOK,342,96,438,90,79,169,34,10,44,150,70,220,616,255,871,466,185,651
71,SIRAHA,796,4,800,87,3,90,2,0,2,1699,1,1700,2584,8,2592,885,7,892
72,Solukhumbu,142,39,181,35,13,48,25,8,33,55,10,65,257,70,327,202,60,262
73,SUNSARI,543,83,626,146,35,181,51,7,58,686,55,741,1426,180,1606,740,125,865
74,SURKHET,317,15,332,30,9,39,21,0,21,102,4,106,470,28,498,368,24,392
75,SYANGJA,331,15,346,185,23,208,89,4,93,611,15,626,1216,57,1273,605,42,647
76,TANAHUN,437,27,464,107,22,129,38,2,40,554,15,569,1136,66,1202,582,51,633
77,TAPLEJUNG,145,21,166,25,8,33,41,5,46,128,10,138,339,44,383,211,34,245
78,TEHRATHUM,149,8,157,39,2,41,33,0,33,124,7,131,345,17,362,221,10,231
79,UDAYAPUR,439,59,498,70,13,83,33,3,36,274,30,304,816,105,921,542,75,617
,Total,25563,2292,27855,4762,1186,5948,2095,180,2275,23923,1477,25400,56343,5135,61478,32420,3658,36078
Report on Final Approved List RA Wise from 2023-03-15 to 2023-04-13,,,,,,
S.N,Recruitment Agency,Approved No Of Men,Approved No Of Women,,Total,
1,A.N.S.ASSOCIATES PVT. LTD.,36,,0,,36
2,A.S. INTERNATIONAL GROUP PVT.LTD.,40,,0,,40
3,AAKARSHAN INTERNATIONAL PVT. LTD.,181,,0,,181
4,AAKRITI RECRUITING PVT. LTD,11,,0,,11
5,Aarambha H R Services Pvt.Ltd,2,,2,,4
6,AARAV GLOBAL RECRUITMENT PVT.LTD,9,,0,,9
7,AAROHI H.R. SOLUTIONS (P) LTD.,6,,5,,11
8,AASHIN OVERSEAS PVT.LTD.,1,,0,,1
9,aashirbad overseas pvt ltd,26,,0,,26
10,AASTHA INTERNATIONAL EMPLOYEMENT PVT.LTD.,0,,1,,1
11,AAYUSH OVERSEAS PVT.LTD.,52,,0,,52
12,ABC PLACEMENTS PVT. LTD.,5,,0,,5
13,ACCESS PARTNERS NEPAL PVT. LTD.,15,,0,,15
14,ACCESS PARTNERS PVT LTD,101,,0,,101
15,ACHIEVE INTERNATIONAL PVT. LTD.,1,,0,,1
16,ADVANCE RECRUITMENT SERVICE PVT. LTD.,43,,0,,43
17,ADVANCED MANAGEMENT CONSULTANTS PVT. LTD.,38,,0,,38
18,ADVENTURE HUMAN RESOURCE P.LTD.,34,,0,,34
19,AGNI OVERSEAS PVT.LTD.,2,,7,,9
20,AIR KINGS PLACEMENT PVT. LTD.(VRINDIT SERVICES PVT. LTD.),79,,94,,173
21,AJAMBARY OVERSEAS SERVICES (P) LTD.,4,,13,,17
22,Ajeets Management and Development Company Pvt Ltd,4,,0,,4
23,AL - ASMACS COMPANY PVT. LTD.,48,,28,,76
24,AL AMAL OVERSEAS PVT. LTD.,42,,0,,42
25,AL AYUNI OVERSEAS SERVICES SERVICES PVT.LTD,1,,0,,1
26,Al Faraz International Overseas Pvt. Ltd,8,,0,,8
27,Al Haya Recruitment Pvt. Ltd,74,,0,,74
28,AL JAZEERA OVERSEAS PVT LTD,3,,0,,3
29,AL KAUSAR HUMAN RESOURCE PVT.LTD.,71,,7,,78
30,AL NASEER OVERSEAS PVT. LTD.,35,,0,,35
31,AL NOOR OVERSEAS PVT.LTD,6,,0,,6
,AL RAAS RECRUITMENT SERVICES PVT. LTD.(SALYAN OVERSEAS PVT.,,,,,
32,LTD),41,,0,,41
33,AL RYAN ENTERPRISES PVT. LTD.,1,,0,,1
34,AL SAMA INTERNATIONAL OVERSEAS PVT. LTD.,8,,0,,8
35,AL SAMIT INTERNATIONAL PVT. LTD.,17,,0,,17
36,AL SAMIT MANPOWER PVT. LTD.,39,,0,,39
37,AL SASHA OVERSEAS PVT.LTD.,1,,1,,2
38,AL SECURE MANPOWER RECRUITMENT PVT.LTD.,38,,31,,69
39,AL SHAHID OVERSEAS PVT.LTD,117,,0,,117
40,AL TAAZ INTERNATIONAL PVT.LTD.,82,,0,,82
41,AL ZARAFA HUMAN RESOURCE CONSULTANT PVT. LTD.,35,,21,,56
42,Alert Overseas Pvt. Ltd.,2,,0,,2
43,ALETQAN NEPAL PVT. LTD.,2,,0,,2
44,Alfarooque overseas pvt Ltd,24,,0,,24
45,Al-Harmain H.R. Pvt. Ltd.,9,,0,,9
46,AL-HAYAT MANAGEMENT SYSTEM PVT. LTD.,10,,0,,10
47,AL-HERA OVERSEAS PVT. LTD.,6,,0,,6
48,AL-KARIM HUMAN RESOURCES PVT.LTD.,4,,0,,4
49,All asia overseas pvt.ltd,164,,1,,165
50,ALL RAHIM MANPOWER PVT.LTD.,12,,2,,14
51,ALL SKILLS INTERNRNATIONAL HUMAN RESOURCE PVT.LTD,114,,0,,114
52,ALLIANCE HUMAN RESOURCES,4,,2,,6
53,All-Solution Employment Service Pvt. Ltd.,18,,0,,18
,ALMIGHTY INTERNATIONAL MANPOWER SERVICES PVT.LTD.(Jaya Shree,,,,,
54,Hanuman),12,,9,,21
55,AL-MOON OVERSEAS PVT. LTD.,17,,0,,17
56,ALON OVERSEAS PVT.LTD.,2,,0,,2
57,ALPHA SIGMA OVERSEAS PVT. LTD.,29,,1,,30
58,AL-SAHELI MANPOWER PVT. LTD.,32,,0,,32
59,"AL-TAUQET OVERSEAS,NEPAL PVT.LTD(ABICHAL OVERSEAS PVT. LTD. )",26,6,32
60,AL-ZAFAR INTERNATIONAL PVT. LTD.,51,0,51
61,"AMAN OVERSEAS PVT. LTD,",11,3,14
62,Amcon Overseas Pvt. Ltd.,68,1,69
63,AMITY GLOBAL EMPLOYMENT SERVICES PVT. LTD.,5,0,5
64,AMITY HUMAN RESOURCES PVT. LTD,13,0,13
65,ANAMOL OVERSEAS PVT. LTD.,32,0,32
66,ANJALI OVERSEAS SERVICE PVT. LTD.,50,26,76
67,ANJULIMA INTERNATIONAL PVT. LTD.,36,0,36
68,ANNAPURNA INTERNATIONAL SERVICES PVT. LTD.,63,0,63
69,Antara Employment Pvt ltd,6,0,6
70,AP OVERSEAS PVT. LTD.,24,0,24
71,Api Manpower Solutions Pvt Ltd,13,0,13
72,APOLLO MENPOWER SERVICES PVT.LTD.,24,0,24
73,APPLE OVERSEAS PVT. LTD.,9,0,9
74,APPOLO OVERSEAS SERVICES (P) LTD.,25,0,25
75,apps services pvt.ltd,2,23,25
76,ARAB RECRUITING SERVICES PVT. LTD.,4,0,4
77,ARANIKO OVERSEAS PVT. LTD.,4,0,4
78,AROMA INTERNATIONAL P. LTD.,20,0,20
79,AROUND THE WORLDS SERVICES,1,0,1
80,ASEANA INTERNATIONAL PVT.LTD.,72,0,72
81,ASHA INTERNATIONAL PVT. LTD.,14,0,14
82,ASHUTOSH MANPOWER CONSULTANCY PVT. LTD.,10,0,10
83,ASIA LINK SERVICES PVT. LTD.,10,2,12
84,ASIAPOWER RECRUITMENT CONSULTANTS PVT.LTD.,34,0,34
85,ASLESHA INTERNATIONAL PVT LTD,16,20,36
86,ASMITA INTERNATIONAL OVERSES P. LTD.,10,0,10
87,ASSOCIATES WELCOME INTERNATIONAL PVT. LTD.,17,0,17
88,AURORA HUMAN RESOURCE PVT. LTD.,30,0,30
,AURUM CONSULTING PVT. LTD.(WHITE PEARL RECRUITMENT SERVICES,,,
89,PVT.LTD.),35,0,35
90,Avion Human Resource Management Pvt. Ltd.,18,0,18
91,AVIOSUPPORT HUMAN RESOURCES PVT LTD,4,39,43
92,AYUSH INTERNATIONAL OVERSEAS SERVICES PVT. LTD.,62,5,67
93,B.D. GROUP MAN POWER PVT.LTD.,1,0,1
94,B.GAS FOREIGN EMPLOYMENT PVT. LTD.,38,0,38
95,B.J. OVERSEAS PVT. LTD.,105,0,105
96,B.M. OVERSEAS PVT. LTD.,19,10,29
97,B.S. OVERSEAS PVT. LTD.,232,0,232
98,BABA HUMAN RESOURCE MANAGEMENT PVT. LTD.,38,2,40
99,BABY ANGEL INTERNATIONAL PVT. LTD.,44,0,44
100,BAIBHAV OVERSEAS PVT. LTD.,7,6,13
101,BAJRA HUMAN RESOURCES PVT.LTD.,76,0,76
102,BALAHA OVERSEAS PVT. LTD.,8,2,10
103,BELIEVABLE OVERSEAS PVT.LTD.,20,0,20
104,BEST RECRUITMENT SERVICE PVT. LTD.,221,29,250
105,BETA INTERNATIONAL MANPOWER PVT. LTD.,3,0,3
,BETA MANPOWER RESOURCES PVT.LTD.(GREAT EMPLOYMENT,,,
106,CERNTER PVT.LTD.),1,0,1
107,BHANDARI OVERSEAS PVT. LTD.,16,0,16
108,BHUGOL OVERSEASE PVT. LTD. (NIDHINA OVERSEAS PVT. LTD.),1,9,10
109,BHUMIPUTRA FOREIGN EMPLOYMENT SERVICE PVT LTD,9,0,9
110,BIGYAN HR MANAGEMENT PVT. LTD.,77,0,77
111,BINAMAY INTERNATIONAL PVT. LTD.,9,0,9
112,BIRAT OVERSEAS INTERNATIONAL PVT.LTD,27,0,27
113,BISHOJYOTI HR SOLUTION PVT LTD,1,0,1
114,Blaze Associates Pvt. Ltd.,24,0,24
115,BLUE BIRD OVERSEAS PVT.LTD.,21,0,21
116,BLUE GALAXY OVERSEAS PVT. LTD. (GALAXY OVERSEAS PVT. LTD. ),10,0,10
117,BLUE LINK PLACEMENT SOLUTION PVT.LTD,31,1,32
118,Blue Moon Overseas Nepal Pvt. Ltd.,8,5,13
119,BLUE OCEAN OVERSEAS PVT. LTD.,15,8,23
120,BLUE OCEAN RECRUITMENT PVT. LTD.,52,16,68
121,BLUE SKY INTERNATIONAL PVT. LTD.,80,0,80
122,BRIDGE SKY INTERNATIONAL PVT. LTD.,29,0,29
123,BRIGHT FUTURE HR SOLUTION,5,0,5
124,BRIGHT STAR HUMAN RESOURCES PVT. LTD.,3,0,3
125,BRITISH GORKHA OVERSEAS SERVICES PVT. LTD.,1,0,1
,Brothers International Employment Pvt. Ltd.(THE LINK FOR,,,
126,RECRUITMENT CONSULTANCY PVT.LTD.),178,23,201
127,C. D. HUMAN RESOURCES PVT. LTD.,61,3,64
128,CAPITAL INTERNATIONAL MANPOWER PVT. LTD.,14,2,16
129,CARAVAN EMPLOYMENT SERVICES PVT. LTD.,39,0,39
130,CAREER INTERNATIONAL SERVICES (P) LTD.,3,1,4
131,CENTRAL CAPITAL SERVICES PVT.LTD.,67,0,67
132,CHANDANI MANAGEMENT SERVICES PVT. LTD.,3,0,3
133,CHANDRA KAMANA MANPOWER PVT.LTD. (A.D. CAREERS PVT.LTD.),26,0,26
134,Chartered Global Human Resources Pvt. Ltd.,2,0,2
135,Cherish Oversease Pvt. Ltd,0,2,2
136,CHINARI OVERSEAS PVT. LTD.,11,1,12
137,CLASSIC OVERSEAS MANPOWER PVT. LTD.,2,0,2
138,CODE INTERNATIONAL SERVICES PVT. LTD.,7,1,8
139,Confident International Manpower Pvt.Ltd,19,0,19
140,CONTINENTAL H.R.D. CONSULTANTS PVT. LTD.,25,3,28
141,COSMO INTERNATIONAL OVERSEAS PVT. LTD.,47,0,47
142,COSMOS NEPAL HUMAN RESOURCE (P) LTD.,54,0,54
143,CREATIVE PLACEMENT SERVICES PVT. LTD.,12,0,12
144,CROWN EMPLOYMENT CONSULTANT PVT. LTD.,37,20,57
145,CROWN OVERSEAS CONSULTANCY PVT. LTD.,0,12,12
146,CST SEASON SERVICE PVT. LTD.,5,0,5
147,D.A HUMAN RESOURCE PVT.LTD,1,0,1
,D.N. INTERNATIONAL NEPAL OVERSEAS EMPLOYMENT AGENCY PVT.,,,
148,LTD.,2,0,2
149,D.N. MANPOWER PVT. LTD.,134,2,136
150,D.PROTON MANPOWER SUPPLIERS PVT. LTD.,25,0,25
151,D.Squared Group Pvt. Ltd.(Nava Jyoti H.R. solution),2,3,5
152,Dailekh Overseas P. Ltd.,1,0,1
153,DAKSHINKALI MANPOWER SUPPLIER PVT. LTD.,1,0,1
154,DAMARU RESOURCE PVT.LTD.,8,0,8
155,DAR AL-KHALEEJ OVERSEAS MANPOWER CONCULTANT,7,0,7
156,David Foreign Recruitment Agency Pvt. Ltd.,4,0,4
157,DECENT EMPLOYMENT PVT. LTD.,94,12,106
158,DEEP JYOTI MANPOWER SERVICE PVT LTD.,59,5,64
159,DEITY INTERNATIONAL PVT.LTD.,6,0,6
160,Department Of Foreign Employment(DOFE),0,16,16
161,Destiny H.R. Group Pvt. Ltd(Wide Renge HR Pvt. Ltd.),42,0,42
162,DESTINY HUMAN RESOURCE NEPAL PVT.LTD,132,5,137
163,DESTINY PLACEMENT SERVICE PVT. LTD.,20,0,20
164,DEWAN CONSULTANTS PVT.LTD,46,0,46
165,DHARMA OVERSEAS PVT. LTD.,6,0,6
166,Diamond Star Overseas Pvt. Ltd.,35,0,35
167,DIANA OVERSEAS PVT. LTD.,2,0,2
168,DITYA INTERNATIONAL PVT. LTD.,74,1,75
169,DIYALO INTERNATIONAL EMPLOYMENT AGENCY PVT. LTD.,8,2,10
170,DK River Overseas Pvt. Ltd.,165,15,180
171,DOS LINK PVT. LTD.,2,0,2
172,DOTI OVERSEAS PVT.LTD,11,0,11
173,DREAM & GUIDE SYSTEM PVT. LTD,7,2,9
174,DREAM RECRUITING SERVICE,39,3,42
,Dreamland Management Pvt.Ltd.(FIRDOSH INTERNATIONAL OVERSEAS,,,
175,COMPANY PVT. LTD.),9,0,9
176,DUBAI OVERSEAS INTERNATIONAL PVT.LTD.,35,0,35
177,DULSCO HUMAN RESOURCES PVT. LTD.,3,0,3
178,DYNAMIC GLOBAL H.R.PVT. LTD.,16,0,16
179,DYNAMIC SALES AND SERVICES PVT. LTD.,8,15,23
180,DYNAMIC STAFFING SOLUTION NEPAL PVT. LTD.,20,0,20
181,EARTH SMART HUMAN RESOURCES NEPAL PVT.LTD.,48,0,48
182,EARTH VISION MANPOWER SERVICES PVT. LTD.,0,4,4
183,EAST WEST PLACEMENT CENTER INC PVT. LTD,8,0,8
184,EASY OVERSEAS PVT.LTD. (SKY BRIDGE OVERSEAS PVT.LTD.),49,11,60
185,Elan International Pvt. Ltd.,8,0,8
186,ELITE GURKHAS OVERSEAS PVT. LTD.,9,0,9
187,ELITE HUMAN RESOURCE PVT. LTD.,14,0,14
188,ELMIRA MANPOWER SERVICE PVT. LTD.,10,0,10
189,EMASCO NEPAL PVT. LTD.,10,0,10
190,EMERALD ISLE NEPAL PVT LTD(GULMI OVERSEAS PVT LTD),6,0,6
191,EMINENCE RECRUITMENT INTERNATIONAL PVT LTD,63,0,63
192,EMPIRE INTERNATIONAL PVT. LTD.,12,0,12
193,EMPLOYMENT CREATION SERVICE PVT. LTD.,10,2,12
194,Employment Link Nepal Pvt. Ltd.,7,0,7
195,EMPOWER HUMAN RESOURCES MANAGEMENT PVT. LTD,88,33,121
196,EQUATOR INTERNATIONAL P LTD,9,0,9
197,Eram Overseas Pvt. Ltd.,25,2,27
198,Euro Asia H.R. Solutions Pvt. Ltd. KTM Nepal,21,10,31
199,EURO TECH CONSULTANCY PVT. LTD. (DARSHAN OVERSEAS PVT. LTD.),1,0,1
200,EURO-ASIA EMPLOYMENT SERVICE P.LTD.,64,0,64
201,Eurosia human resourse p.ltd,0,6,6
202,EVE NEPAL OVERSEAS PVT. LTD.,15,5,20
203,Ever Bright Overseas Pvt. Ltd.,72,0,72
204,Ever Green Employment Pvt. Ltd.,1,0,1
205,EXCELLENT MANPOWER SERVICES PVT.LTD.,13,0,13
206,FACILITY MANPOWER SERVICES PVT. LTD,1,0,1
207,FAIR CONNECT RESOURCE PVT.LTD.,33,1,34
208,Famous Human Resources Pvt. Ltd.,12,0,12
209,Fast Employment Service (P) ltd,65,0,65
210,FAZAL INTERNATIONAL PVT.LTD,91,0,91
211,FELICITY INTERNATIONAL EMPLOYMENT AGENCY PVT. LTD,17,0,17
212,FEWA H.R. SOLUTIONS PVT. LTD.,33,0,33
213,Fewa Overseas Pvt. Ltd,11,0,11
214,Fine Job Recruitment,1,0,1
215,FIRST GROWTH WORLD WIDE EMPLOYMENT SERVICE PVT.LTD.,0,1,1
216,Fishtail Overseas Pvt. Ltd.,60,2,62
217,FIVE STAR INTERNATIONAL OVERSEAS PVT. LTD.,18,0,18
218,FOCUS NEPAL OVERSEAS PVT LTD,43,14,57
219,FOUR STAR OVERSEAS EMPLOYMENT SERVICES PVT. LTD.,1,5,6
220,FRIENDSHIP MANPOWER CONSULTANCY PVT. LTD.,3,0,3
221,FRONTLINE RECRUITMENT PVT.LTD.,123,3,126
222,FUSION INTERNATIONAL PVT. LTD.,13,52,65
223,FUTURE EMPLOYMENT SERVICES PVT. LTD.,148,14,162
224,FUTURE LINK INTERNATIONAL PVT. LTD.,23,0,23
225,FUTURE MINDS PVT. LTD.,18,0,18
226,FUTURE STAR MANPOWER PVT. LTD.,27,1,28
227,G.C.D. WORLDWIDE PVT. LTD.,52,0,52
228,G.L.OVERSEAS PVT.LTD,9,2,11
229,G.R. INTERNATIONAL EMPLOYMENT PVT. LTD.,13,0,13
230,G.R. MANPOWER SERVICE PVT. LTD.,3,0,3
231,GALAXY UNIVERSAL SERVICES,16,0,16
232,GANAPATI OVERSEAS PVT. LTD.,2,3,5
233,GANDAKI GURKHAS PVT. LTD.,1,0,1
234,GAURI SHANKAR OVERSEAS PVT. LTD.,22,0,22
235,Gaurishankar H. R. Solutions Private Limited,8,0,8
236,GAUTAM INTERNATIONAL MANPOWER SERVICES PVT LTD,27,17,44
237,GENUINE PLACEMENT PVT. LTD.,12,0,12
238,Global Dynamic Manpower Solution Pvt. Ltd,45,0,45
239,GLOBAL OVERSEAS SERVICES PVT. LTD,3,0,3
,Global Recruitment Group Pvt.Ltd.(BASNET AND GROUP HUMAN ,,,
240,RESOURCE PVT LTD),12,1,13
241,GLOBAL SOURCING GROUP PVT.LTD(TRANS ASIA MANPOWER PVT.LTD),6,3,9
242,GLOBAL WELFARE HR SOLUTION PVT.LTD.,75,8,83
243,Gold Overseas Pvt Ltd,26,1,27
244,Golden achivers international pvt Ltd,18,1,19
245,Golden Eagle Manpower Pvt. Ltd.,14,0,14
246,Golden Gateway Internatioal P.Ltd,12,0,12
247,Good Earth International Pvt. Ltd.,32,0,32
248,GOOD LIFE INERNATIONAL EMPLOYMENT AGENCY PVT.LTD.,0,2,2
249,GOOD LUCK INTERNATIONAL MANPOWER,8,0,8
250,Good Luck Manpower services,4,0,4
251,GOODWILL INTERNATIONAL PVT.LTD.,104,0,104
252,GOOGLE OVERSEAS PVT.LTD,24,0,24
253,GORKHA HUMAN RESOURCE SOLUTION PVT LTD,141,10,151
254,Gorkha Nepal Placement Services Pvt. Ltd.,21,0,21
255,GORKHAS ASSOCIATE PVT. LTD.,22,0,22
256,GRACE OVERSEAS PVT. LTD.,10,0,10
257,GRAND FORTUNE EMPLOYMENT SERVICES PVT. LTD.,33,0,33
258,Grand Pearl International Pvt. Ltd. (Twilight Overseas Pvt Ltd),3,0,3
259,GRAND SHIKHAR OVERSEAS PVT LTD,5,3,8
260,GRAND SUITE JOB PVT. LTD.,59,2,61
261,Greater Vision Overseas Pvt. Ltd.,27,0,27
262,GREEN LIGHT OVERSEAS PVT. LTD,1,0,1
263,GREEN STAR OVERSEAS PVT. LTD.,4,2,6
264,GREEN TARA INTERNATIONAL OVERSEAS SERVICES PVT. LTD.,32,0,32
265,GROWTH PROCESS INTERNATIONAL EMPLOYMENT PVT. LTD.,139,0,139
,GUIDELINE RECRUITMENT SERVICE PVT.LTD. (K. D. MANPOWER PVT.,,,
266,LTD.),21,0,21
267,Gulf Asia Manpower Pvt.Ltd.,13,0,13
268,GULF LINK OVERSEAS PVT. LTD.,16,1,17
269,GULF MANAGEMENT INTERNATIONAL PVT. LTD,47,4,51
270,GULF MANPOWER SERVICES PVT. LTD.,12,0,12
271,Gulf Overseas Consultant (P.) Ltd.,4,0,4
272,GULF SKY INTERNATIONAL PVT. LTD.,38,0,38
273,GULF STAR OVERSEAS PVT. LTD.,2,0,2
274,GURKHA EMPLOYMENT PVT. LTD.,49,0,49
275,GURUNG MAGAR SERVICES PVT. LTD.,2,0,2
276,GURUNG MANAGEMENT OVERSEAS PVT. LTD.,16,0,16
277,H.M.T. Overseas Pvt. Ltd.,27,13,40
278,H.R. INTERNATIONAL EMPLOYMENT SERVICES,36,4,40
279,HABTOOR INTERNATIONAL PVT. LTD. (LALITPUR OVERSEAS PVT. LTD.),10,0,10
280,HAMDAN EMPLOYMENT SERVICE PVT. LTD.,5,3,8
281,HAPPY NEPAL EMPLOYMENT PVT. LTD,10,0,10
282,HEAVEN OVERSEAS PVT. LTD.,7,1,8
283,HELP OVERSEAS PVT. LTD.,29,4,33
284,HERALD INTERNATIONAL PVT. LTD.,15,0,15
285,HI TECH H.R. SOLUTION PVT. LTD.,84,0,84
286,Hilton Human Resources pvt.Ltd.,1,0,1
287,HIMAL INTERNATIONAL RECRUITMENT SERVICE PVT.LTD.,1,0,1
288,HIMALAYAN HUMAN RESOURCES NEPAL PVT. LTD.,58,0,58
289,Himalayan Manpower Service Pvt. Ltd.,4,0,4
290,Himalayan Valley Nepal Pvt.Ltd.,6,0,6
291,HIT OVERSEAS EMPLOYMENT PVT. LTD.,9,0,9
292,HONESTY OVERSEAS PVT.LTD.,32,0,32
293,HOPE INTERNATIONAL PVT. LTD,14,0,14
294,HPI GLOBAL NEPAL OVERSEAS SERVICES,4,7,11
295,HUMOUR OVERSEAS PVT. LTD.,23,19,42
296,HYHIRE INTERNATIONAL PVT. LTD.,25,0,25
297,IMPERIAL OVERSEAS PVT.LTD,9,2,11
298,IMS MANPOWER PVT.LTD.,85,4,89
299,Index Recruitment Pvt. Ltd.,8,0,8
300,INDIGO OVERSEAS PVT. LTD.,20,0,20
301,INDO ARAB MANPOWER PVT. LTD.,47,0,47
302,INNOVATIVE HUMAN RESOURCE DEVELOPMENT PVT. LTD.,59,0,59
303,INSPIRE INTERNATIONAL EMPLOYMENT PVT.LTD.,44,19,63
304,INTERMANAGEMENT MANPOWER SERVICES PVT. LTD.,32,0,32
305,International Hr Solution Pvt. Ltd.,6,0,6
306,INTERNATIONAL MANPOWER RECRUITMENT (P) LTD.,214,39,253
307,INTERNATIONAL PLACEMENT SERVICES PVT. LTD.,2,0,2
308,INTERNATIONAL TRADE LINKS NEPAL PVT.LTD.,6,0,6
309,ISHAN INTERNATIONAL OVERSEAS PVT. LTD.,10,0,10
310,ISHAN OVERSEAS PVT. LTD.,13,0,13
311,J. J. HUMAN RESOURCE PVT. LTD.,57,0,57
312,J.P. OVERSEAS PVT.LTD,11,0,11
313,J.S.N. International Pvt. Ltd.,22,0,22
314,JALAJALA RECRUITMENT PVT.LTD,13,1,14
315,JANASHAKTI INTERNATIONAL SERVICES PVT.LTD.,1,2,3
316,JAPURA OVERSEAS PVT. LTD.,3,29,32
317,JASMINE OVERSEAS PVT.LTD.,14,0,14
318,JBR ASSOCIATES PVT. LTD.,9,0,9
319,JERRY VARGHESE GLOBAL RECRUITMENT SERVICES PVT. LTD.,10,0,10
320,JOB PLACEMENT SERVICES PVT. LTD.,4,0,4
321,JOB SEEKER MANPOWER PVT. LTD.,108,33,141
322,JOB SPOT INTERNATIONAL PVT. LTD.,12,1,13
323,JOB WORLD INTERNATIONAL OVERSEAS PVT. LTD.,10,0,10
324,JOBS GLOBAL.COM EMPLOYMENT SERVICES PVT. LTD.,9,1,10
325,JOBS SEARCH PVT. LTD.,4,0,4
326,JOINT RESOURCE MANAGEMENT PVT.LTD.,3,0,3
327,JUPITER OVERSEAS CONCERN PVT. LTD.,9,0,9
328,K & C International Pvt. Ltd,1,0,1
329,K L EMPLOYMENT SERVICES PVT. LTD.,6,0,6
330,K.P. INTERNATIONAL OVERSEAS PVT. LTD.,29,6,35
331,K.S.A. INTERNATIONAL GROUP PVT. LTD.,15,0,15
332,K.S.B. International Pvt.Ltd.,18,0,18
333,KABELI HUMAN RESOURCE PVT. LTD.,115,8,123
334,KAILASH INTERNATIONAL MANPOWER PVT. LTD.,27,0,27
335,KALIKA HUMAN RESOURCE PVT LTD,18,3,21
336,Kalinchok H. R. Pvt. Ltd.,16,11,27
337,KALINCHWOK MANPOWER PVT. LTD.,3,0,3
338,KAMKHYA OVERSEAS PVT. LTD.,23,0,23
339,KANCHAN HUMAN RESOURCES MANAGEMENT PVT. LTD.,61,10,71
340,KANCHANJUNGHA OVERSEAS PVT. LTD.,21,0,21
341,KANGAROO HUMAN RESOURCES PVT.LTD.,57,0,57
342,KANKAI RECRUITMENT SUPPLIERS PVT. LTD,67,0,67
343,KANTIPUR MANPOWER SERVICE (P) LTD.,41,0,41
344,KANTIPUR OVERSEAS SERVICE PVT. LTD.,3,0,3
345,KAPEEL MANPOWER PVT. LTD.,41,0,41
346,KARMA INTERNATIONAL EMPLOYMENT SERVICES (P) LTD.,124,45,169
347,Kaski Overseas P. Ltd.,21,4,25
348,KASTURI INTERNATIONAL SERVICE PVT. LTD.,59,1,60
349,Kathmandu Bright Human Resource Pvt.Ltd.,18,1,19
350,Kathmandu h.r. solution pvt.ltd.,41,0,41
351,KATHMANDU INTERNATIONAL INCORPORATE PVT. LTD.,29,22,51
352,Kathmandu Overseas Pvt. Ltd.,7,0,7
353,KHAGOL OVERSEAS PVT. LTD.,30,0,30
354,KHOJI RECRUITMENT SERVICES PVT. LTD.,11,0,11
355,KHUMBU OVERSEAS SERVICES PVT. LTD.,158,0,158
356,Kingfisher Overseas Pvt.Ltd,9,0,9
357,KOPERASI INTERNATIONAL PVT.LTD.,24,0,24
358,KOSH OVERSEAS PVT.LTD.(SHIBUWA OVERSEAS PVT.LTD.),12,8,20
359,KOSHI INTERNATIONAL SERVICES PVT. LTD.,81,0,81
360,krisha international employment service pvt ltd,1,0,1
361,KTM INTERNATIONAL PRIVATE LIMITED,85,0,85
,Ktm White Pearl H.R. Consultancy Pvt. Ltd.(Mediterranean Overseas,,,
362,Pvt. Ltd.),11,0,11
363,LAL DHANUS INTERNATIONAL SERVICE PVT. LTD.,49,0,49
364,LEADER OVERSEAS PVT.LTD.,2,0,2
,LEADING AIM INTERNATIONAL PVT. LTD.(G AND P INTERNATIONAL,,,
365,OVERSEAS PVT LTD),18,0,18
366,LEADING FOREIGN RECRUITMENT PVT. LTD.,166,29,195
367,LIBERTY H.R. CONSULTANT PVT LTD,41,1,42
368,LIFE INTERNATIONAL OVERSEAS PVT. LTD.,75,0,75
369,Life key Overseas pvt. Ltd,3,0,3
370,LIFE LINE OVERSEAS PVT. LTD.,8,1,9
371,Like International Pvt.Ltd.,1,0,1
372,LIMCO OVERSEAS PVT. LTD.,6,0,6
373,LINK INTERNATIONAL PLACEMENT SERVICE PVT.LTD.,158,1,159
374,LINK ON INTERNATIONAL PVT. LTD.,11,0,11
375,LINK STAR MANPOWER SERVICES PVT. LTD.,6,0,6
376,LIONS INTERNATIONAL NEPAL PVT. LTD.,4,0,4
377,LIVERPOOL H.R. SOLUTION PVT.LTD.,51,2,53
,LOGIN INTERNATIONAL OVERSEAS RECRUITMENT PVT. LTD.(GLOBAL ,,,
378,SAPANA OVERSEAS PVT LTD),84,4,88
379,LOTUS HUMAN RESOURCE PVT. LTD.,3,0,3
380,LUCKY H. R. SOLUTION PVT. LTD.,105,0,105
381,LUCKY HUMAN RESOURCE PVT.LTD.,17,0,17
382,LUCKY OVERSEAS PVT. LTD.,64,0,64
383,LULU INTERNATIONAL PVT. LTD.,11,0,11
384,LUMBINI DARSHAN MANPOWER PVT. LTD.,14,0,14
385,LUNA HR SOLUTIONS PVT. LTD (TEAM FORCE OVERSEAS PVT. LTD.),66,0,66
386,M.B. HUMAN RESOURCE PVT.LTD.,32,13,45
387,MAA PADMA PLACEMENT PVT.LTD,81,0,81
388,Mac International manpower Pvt. Ltd.,44,0,44
389,MADI OVERSEAS SERVICES PVT. LTD.,55,0,55
390,MADINA INTERNATIONAL SERVICES (PVT) LTD.,5,0,5
391,Mahagadhi Overseas P. Ltd.,8,9,17
392,MANAKAMANA FOREIGN EMPLOYMENT CO P LTD,57,18,75
393,MANASLU INTERNATIONAL SERVICES PVT. LTD.,161,16,177
394,MANJUSHREE OVERSEAS SERVICE PVT. LTD.,37,3,40
395,MANPOWER LINK PVT. LTD.,2,1,3
396,MANSUR MANPOWER PVT.LTD.,96,0,96
397,MASHAREQ INTERNATIONAL OVERSEAS PVT.LTD,3,0,3
398,MASS HUMAN RESOURCE PVT. LTD.,175,0,175
,Maven Recruitment Services Pvt. Ltd.(BABY STAR INTERNATIONAL PVT.,,,
399,LTD.),107,0,107
400,Max Employment Center Pvt. Ltd.,20,0,20
401,MECHI INTERNATIONAL OVERSEAS PVT.LTD.,31,2,33
402,MEHANDI OVERSEAS PVT. LTD.,56,11,67
403,MEMORIAL OVERSEAS SERVICES PVT. LTD.,65,0,65
404,MERIDIAN OVERSEAS P.LTD.,127,0,127
405,METTA INTERNATIONAL PVT. LTD.,9,1,10
406,MIDDLE EAST MANPOWER PVT. LTD.,34,0,34
407,MIDDLE ORBIT OVERSEAS PVT. LTD,21,0,21
408,MILESTONE EMPLOYMENT SERVICE PVT. LTD.,27,0,27
409,Minawa Recruitment H.R. Pvt Ltd(Eshaman Manpower Pvt Ltd),52,17,69
410,MIRACLE EMPLOYMENT SERVICE PVT. LTD.,52,0,52
411,MIRACLE MANPOWER PVT.LTD (UDAYAPUR OVERSEAS PVT.LTD),43,19,62
412,MITHILA MENPOWER SERVICE PVT. LTD,22,0,22
413,MITRA OVERSEAS PVT. LTD. (EAGLE OVERSEAS SERVICE PVT. LTD. ),8,0,8
414,MIYON INTERNATIONAL PVT.LTD.,0,1,1
415,MOBHIRA H.R. SERVICE PVT. LTD.,117,0,117
416,MOBHIRA OVERSEAS SERVICE PVT. LTD.,9,0,9
417,MOBHIRA RECRUITMENT CONSULTANCY SERVICES PVT. LTD.,153,15,168
418,MODEL ENTERPRISES PVT. LTD.,2,0,2
419,MONEY HOME OVERSEAS PVT. LTD.,4,0,4
420,MONTAGE OVERSEAS PVT.LTD.,439,10,449
421,MORGEN GLOBAL H.R. CONSULTANCY PVT. LTD.,34,2,36
422,MOTHERLAND OVERSEAS PVT. LTD.,106,0,106
423,Mount Everest International Overseas Pvt. Ltd.,1,9,10
424,MOUNT KANCHAN INTERNATIONAL PVT. LTD.,16,0,16
425,MOUNTAIN GROUP INTERNATIONAL PVT.LTD.,14,1,15
426,MUNAL OVERSEAS PVT. LTD.,5,0,5
427,MUSKAN OVERSEAS PVT.LTD,137,2,139
428,N. S. INTERNATIONAL PVT. LTD.,0,2,2
429,NAASA HUMAN RESOURCE PVT. LTD.,38,0,38
430,NAAZ OVERSEAS PVT.LTD. (SANAZ OVERSEAS PVT.LTD),17,0,17
431,NABIL OVERSEAS PVT. LTD.,24,0,24
432,Namo Buddha Recruitment Pvt.Ltd,3,1,4
,NASSER INTERNATIONAL PLACEMENT SERVICES PVT.,,,
433,LTD.(CONTINENTAL MANPOWER (NEPAL) PVT. LTD.),5,0,5
434,NASSER OUTSOURCING CONSULTANTS PVT.LTD.,70,0,70
435,NATIONAL EXPORTS MANPOWER CONSULTANT PVT. LTD.,19,9,28
436,NAUKRI NEPAL RECRUITMENT SERVICES PVT.LTD.,12,10,22
437,NAVAJEEVAN INTERNATIONAL PVT. LTD.,69,1,70
438,NEED EMPLOYMENT SERVICE PVT. LTD.,17,1,18
439,NEEL KAMAL HUMAN RESOURCE PVT. LTD.,58,24,82
440,Nepal HR Solution Pvt. Ltd.,17,0,17
441,NEPAL INTERNATIONAL OVERSEAS PVT. LTD.,3,0,3
442,NEPAL LIFE RECRUITMENT AGENCY PVT LTD,15,5,20
443,NEPAL PLACEMENT AGENCY PVT. LTD.,78,0,78
444,NEPAL RECRUITMENT CONSULTANCY PVT.LTD.,27,0,27
445,NEW ALFA HR SERVICES PVT. LTD.,32,0,32
446,NEW GURKHAS INTERNATIONAL PVT. LTD.,71,15,86
447,NEW LIGHT INTERNATIONAL PVT.LTD,14,1,15
448,NEW PATHIBHARA PLACEMENT SERVICES (P.) LTD.,27,5,32
449,NEW S.V. INTERNATIONAL PVT. LTD.,13,0,13
450,NEW SHRISTI OVERSEASE PVT. LTD.,49,0,49
451,NEW WORLD OVERSEAS SERVICE PVT. LTD.,47,0,47
452,NEXUS HUMAN RESOURCE PVT.LTD.,47,0,47
453,NICE OVERSEAS PVT. LTD.,102,2,104
454,NICE RECRUITING AGENCY PVT.LTD.,77,52,129
455,NILE INTERNATIONAL MANPOWER AGENCY PVT. LTD,1,0,1
456,NIMBUS HUMAN RESOURCE PVT. LTD.,5,0,5
457,Nirmal HR solution pvt.ltd,39,4,43
458,NIWIDA CONCERN PVT. LTD.,21,0,21
459,NOOR OPPORTUNITIES OVERSEAS PVT. LTD.,83,0,83
460,NOVA INTERNATIONAL PVT. LTD.,13,0,13
461,OCTOPUS OVERSEAS PVT. LTD.,1,0,1
462,OCTOPUS RECRUITMENT PVT.LTD,103,0,103
463,OM INTERNATIONAL HUMAN RESOURCES PVT.LTD,26,5,31
464,OM OVERSEAS EMPLOYMENT,7,7,14
465,OM SHREE MAHASHAKTI EMPLOYMENT SERVICES P.LTD.,10,16,26
466,OMAMA MAN POWER PVT.LTD.,23,1,24
467,Omega International Pvt. Ltd.,291,39,330
468,OMEGA POWER MINDS PVT. LTD.(TAIBA RISE MANAGEMENT PVT LTD),79,3,82
469,ORCHID OVERSEAS PVT. LTD.,78,9,87
470,ORIENTAL OVERSEAS PVT. LTD.,13,0,13
471,OSHO RECRUITING AGENCY PVT.LTD,33,10,43
472,OUR DESTINY EMPLOYMENT SERVICES,13,0,13
473,Overseas Employment (P.) Ltd.,5,0,5
474,OXFORD INTERNATIONAL PVT. LTD.,177,0,177
,OXON INTERNATIONAL PVT.LTD.(AVATAR HUMAN RESOURCES,,,
475,PVT.LTD),34,20,54
476,OZONE OVERSEAS SERVICE PVT. LTD.,7,0,7
477,P.T.SWIFT HR MANAGEMENT PVT.LTD,23,0,23
478,PACIFIC HUMAN RESORCES PVT. LTD,11,7,18
479,PACIFIC OVERSEAS CONSULT PVT. LTD.,26,0,26
480,PALHI OVERSEAS (PVT.) LTD.,124,0,124
481,PALIV INTERNATIONAL PVT. LTD.,140,38,178
482,Panda Human Resource Pvt.Ltd.,6,0,6
483,PANGENI HUMAN RESOURCES PVT. LTD,62,2,64
484,Paradeshi Overseas Services Pvt. Ltd.,1,0,1
485,PARADISE INTERNATIONAL PVT. LTD.,101,7,108
486,PARAMOUNT EMPLOYMENT CONSULTANCY PVT. LTD.,54,0,54
487,PARAMOUNT HUMAN RESOURCES PVT.LTD.,16,3,19
488,PARI OVERSEAS PVT. LTD.,55,0,55
489,PAS INTERNATIONAL PVT. LTD.,10,0,10
490,PASA INTERNATIONAL PVT. LTD.,8,0,8
491,Pashupati HR Solution Pvt. Ltd.,35,0,35
492,Peace International Pvt. Ltd.,70,1,71
493,PEOPLE &amp;amp; PLACES PVT. LTD.,10,0,10
494,PEOPLE HRS Pvt. Ltd.,50,5,55
495,PERFECT DESTINATION PVT. LTD.,14,0,14
496,PERFECT RECRUITING SERVICE PVT. LTD.,79,11,90
497,Pigeon H.R. Solutions Pvt. Ltd.,14,0,14
498,PIGEON INTERNATIONAL OVERSEAS PVT. LTD.,125,0,125
499,PIONEER OVERSEAS SERVICES PVT. LTD.,46,0,46
500,PNS EMPLOYMENT SERVICES PVT.LTD.,9,0,9
501,POKHARA RECRUITMENT PVT.LTD,44,1,45
502,POWER HOUSE OVERSEAS CONCERN PVT.LTD.,11,0,11
503,PRATIGYA OVERSEAS PVT. LTD.,10,0,10
504,Pratik Human Resource Pvt. Ltd.,4,4,8
505,PRAYAS RE-EMPLOYMENT CONSULTANT (PVT.) LTD.,4,0,4
506,PREMIER CONSULTANT EMPLOYMENT PVT. LTD.,51,1,52
507,PRINCE INTERNATIONAL EMPLOYMENT SERVICE PVT. LTD.,15,0,15
508,PRISM OVERSEAS EMPLOYMENT PVT. LTD.,1,0,1
509,Pritam Employment Pvt. Ltd.,1,0,1
510,PROFESSIONAL MANPOWER SERVICES PVT. LTD.,71,3,74
511,Proficient employment services pvt.ltd,13,2,15
512,PROTECH NEPAL EMPLOYMENT PVT. LTD.,182,5,187
513,PRUDENTIAL OVERSEAS PVT LTD,81,0,81
,PUKAR INTERNATIONAL RECRUITMENT PVT. LTD.(PUKAR,,,
514,INTERNATIONAL OVERSEAS PVT. LTD.),42,0,42
515,PUMORI OVERSEAS PVT LTD,1,0,1
516,PYRAMID INTERNATIONAL EMPLOYMENT SERVICE PVT. LTD.,23,0,23
517,QATAR INTERNATIONAL MANPOWER PVT.LTD.,2,0,2
518,R. A. International Employment Agency Pvt Ltd,45,0,45
519,R.B. OVERSEAS PVT. LTD.,126,0,126
520,R.B. RECRUITMENT SERVICE PVT. LTD,67,0,67
521,R.K.MANPOWER GROUP PVT.LTD.,50,0,50
522,RADIANT OVERSEAS PVT. LTD.,18,0,18
523,RADIUM INTERNATIONAL EMPLOYMENT SERVICES PVT.LTD,0,8,8
524,RAINBOW OVERSEAS PVT. LTD.,91,35,126
525,RAJ GROUP OF COMPANY PVT.LTD.,7,9,16
526,RAJ OVERSEAS PVT. LTD,15,0,15
527,RAKI INTERNATIONAL PVT. LTD.,4,14,18
528,RAPID INTERNATIONAL PVT. LTD.,10,0,10
529,RARA EMPLOYMENT CONSULT (P.) LTD.,7,0,7
530,Rasuwa Overseas Pvt Ltd,51,0,51
531,RATIONAL OVERSEAS PVT. LTD.,23,0,23
532,RAWAL INTERNATIONAL PVT. LTD.,10,0,10
533,RAYS RECRUITMENT PVT. LTD.,89,0,89
534,REAL RESOURCE MANAGEMENT -PVT. LTD.,6,0,6
535,REAZ AND FARAH EMPLOYMENT SERVICES PVT. LTD.,11,3,14
536,RECENT JOB PLACEMENT PVT. LTD,52,0,52
537,RED CORAL ASSOCIATES (P) LTD.,17,0,17
538,Red panda international overseas pvt ltd,3,0,3
,RED SUN EMPLOYMENT SERVICE PVT.LTD.(RED SUN SOLUTIONS,,,
539,PVT.LTD),1,0,1
540,RELATION EMPLOYMENT SERVICE PVT. LTD.,28,1,29
541,RELIANCE H.R. SOLUTION PVT. LTD.,56,1,57
542,RELIANCE RECRUITMENT SERVICES PVT. LTD.,3,0,3
543,Reva Overseas Pvt.Ltd,5,2,7
544,RHEE HUMAN RESOURCES PVT. LTD.,13,0,13
545,RHYTHM OVERSEAS PVT. LTD.,46,4,50
546,RIGHT - WAY ENTERPRISES PVT. LTD.,17,5,22
547,RISING RECRUITMENT PVT. LTD.,7,8,15
548,ROLEX RECRUITMENT AGENCEY PVT. LTD.,37,0,37
549,ROSE EMPLOYMENT SERVICES PVT. LTD.,1,0,1
550,ROSE OVERSEAS PVT. LTD.,7,0,7
551,ROTARY OVERSEAS PVT. LTD.,63,18,81
552,ROVE INTERNATIONAL PVT.LTD.,21,0,21
553,Royal and Partners Services Pvt.Ltd.,1,4,5
554,ROYAL GANDAKI MANPOWER PVT. LTD.,37,4,41
555,ROYAL INTERNATIONAL OVERSEAS PVT. LTD.,76,1,77
556,ROYAL OVERSEAS NEPAL PVT. LTD.,2,4,6
557,S.and S.Human Resource,1,0,1
558,S.N. Recruiting Service Pvt Ltd,49,2,51
559,S.P.M. OVERSEAS PVT.LTD.,106,10,116
560,S.R. Group HR Consultancy Pvt Ltd(Access Partner Manpower Pvt Ltd),9,4,13
561,S.R.C. JOB PLACEMENT PVT. LTD.,0,23,23
562,S.R.K. OVERSEAS NEPAL PVT. LTD.(S.R.K. NEPAL PVT. LTD.),36,8,44
563,S.S. Group Of Management Pvt. Ltd.,7,3,10
564,S.V. ASSOCIATES PVT. LTD.,36,6,42
565,saad overseas pvt.ltd.,57,1,58
566,SAAN NEPAL PVT.LTD.,109,0,109
567,SAB INTERNATIONAL HUMAN RESOURCE PVT.LTD,44,30,74
568,SADHANA INTERNATIONAL PVT. LTD.,1,0,1
569,SADIKSHA OVERSEAS PVT LTD,102,0,102
570,SAFELAND OVERSEAS PVT.LTD,18,3,21
571,SAGAR RECRUITMENT PVT.LTD,29,0,29
,Sagarmatha International Employment Pvt. Ltd.(K.B INTERNATIONAL,,,
572,EMPLOYMENT (P) LTD),42,0,42
573,SAGUN OVERSEAS SERVICES PVT. LTD.,39,5,44
574,SAHARA INTERNATIONAL PVT.LTD.,64,0,64
575,SAKSHAM HUMAN RESOURCES PVT.LTD.,4,9,13
,SALAM OVERSEAS SERVICES PVT.LTD.(SAIPAL HUMAN RESOURCE,,,
576,PVT.LTD.),23,0,23
577,SAMRIDHHA HUMAN RESOURCES PVT. LTD.,11,0,11
578,SAMYOG OVERSEAS PVT. LTD.,66,5,71
579,Sandiya Human Resources Private Limited,16,2,18
580,SANSAR INTERNATIONAL SERVICES PVT. LTD.,20,2,22
581,Santi Overseas Pvt. Ltd.,35,1,36
582,SAPTAKOSHI HUMAN RESOURCE PVT. LTD.,46,0,46
583,Sara Khasa Human Resource Pvt.Ltd.,19,0,19
584,SAUDI NEPAL RECRUITMENT AGENCY PVT. LTD.,15,0,15
585,Saugat Employment Service Pvt.Ltd.,25,0,25
586,SCC MANPOWER COMPANY PVT.LTD.,0,1,1
587,Seagull International Global H.R. Consultants Pvt. Ltd.,38,7,45
588,SEVEN SEAS INTERCONTINENTAL SERVICES PVT. LTD.,19,0,19
589,SHADA EMPLOYMENT SERVICES PVT.LTD.,31,0,31
590,SHAHI GLOBAL CAREERS PVT. LTD.,9,0,9
591,SHALMA HUMAN RESOURCES OVERSEAS PVT. LTD.,6,12,18
592,SHALMANI OVERSEAS PVT. LTD.,11,1,12
593,SHAN A.B. INTERNATIONAL PVT. LTD.,0,27,27
594,SHARON MANPOWER SERVICE P. LTD.,55,47,102
,Sherman Global Management Consultants Pvt. Ltd.(SURKHET,,,
595,OVERSEAS PVT. LTD),40,9,49
596,SHERPA INTERNATIONAL MANPOWER CONSULTANCY PVT. LTD.,24,2,26
597,SHIKHAR INTERNATIONAL MANPOWER SERVICES PVT. LTD.,111,0,111
598,SHINING STAR OVERSEAS PVT. LTD.,6,0,6
599,Shreesha International pvt.ltd,14,0,14
600,SHRISTI OVERSEAS EMPLOYMENT SERVICES PVT. LTD.,72,1,73
601,SHUBHA HARATI MANPOWER PVT.LTD.,8,0,8
602,Shuvam Overseas Employment (P) Ltd.,0,17,17
603,SIDDHA GLOBAL SERVICES PVT. LTD.,21,0,21
604,SIDDHARTHA BUDDHA OVERSEAS PVT. LTD.,7,0,7
605,SIDDHARTHA GAUTAM OVERSEAS SERVICES PVT. LTD.,29,0,29
606,SIGNAL INTERNATIONAL PVT LTD,12,0,12
607,SILVER CORNER INTERNATIONAL PVT.LTD.(AL RAYAN OVERSEAS),21,0,21
608,SIWAKOTI MANPOWER SERVICE PVT. LTD.,37,0,37
609,SKILLZONE CONSULTANCY NEPAL PVT LTD,18,0,18
610,Sky Blue International Overseas Pvt.Ltd.,15,0,15
611,SKY OF THE WORLD MANPOWER PVT. LTD.,32,14,46
612,SKY OVERSEAS SERVICES PVT. LTD.,101,1,102
,SKY POWER INTERNATIONAL SERVICE PVT. LTD.(EVEREST GLOBAL,,,
613,RECRUITMENT SERVICE PVT LTD),1,0,1
614,SKY-WAY MANAGEMENT PVT. LTD.,2,2,4
615,SKYWAYS BUREAU SERVICES PVT.LTD.,117,0,117
616,SMART OVERSEAS PVT. LTD.,18,0,18
617,SOCIAL EMPLOYMENT SERVICES PVT.LTD.,88,0,88
618,SOCIETY OVERSEAS PVT.LTD.,9,0,9
619,Solidarity Overseas Pvt. Ltd.,3,0,3
620,Solo Asia Recruitment Pvt.Ltd.(SNHR Manpower Pvt. Ltd.),5,0,5
621,SONY INTERNATIONAL REQIDMENTS SERVICES PVT.LTD.,8,0,8
622,SOS MANPOWER SERVICE PVT. LTD.,361,0,361
623,SOUNDLINES RECRUITMENT (P.) LTD.,251,36,287
624,SPEED EMPLOYMENT SERVICE PVT. LTD.,54,7,61
625,SPRINGS NEPAL HUMAN RESOURCE PVT. LTD.,4,0,4
626,SR GROUP NEPAL PVT.LTD,2,0,2
627,STAR RAY OVERSEAS PVT. LTD.,6,3,9
628,STARIS HR SERVICES PVT. LTD.,58,10,68
629,SUBAS HUMAN RESOURCES PVT. LTD.,8,0,8
630,SUCCESS NEPAL HUMAN RESOURCE PVT.LTD,2,0,2
631,SUFI INTERNATIONAL SERVICES PVT.LTD.,18,0,18
632,SUGAM OVERSEAS PVT. LTD.,18,3,21
633,SUHASHA LINK PVT. LTD.,9,0,9
634,SUKARMA OVERSEAS PVT. LTD.,38,0,38
635,SULAV RECRUITMENT PVT.LTD.,0,3,3
636,Sumeru overseas pvt. Ltd.,18,0,18
637,SUN AND COMPANY PVT. LTD.,27,0,27
638,SUN LIGHT HUMAN RESORUCE PVT. LTD.,83,0,83
639,SUN RAY GLOBAL OVERSEAS PVT. LTD.,4,0,4
640,Sundar Nepal Overseas Pvt. Ltd.,22,15,37
641,SUNERA NEPAL INCORPORATED PVT. LTD.,14,10,24
642,Sunlight Recruitment Service Pvt.Ltd.,14,5,19
643,SUNRISE H.R. SOLUTION PVT.LTD.,8,0,8
644,Sunsari Overseas Pvt. Ltd.,10,0,10
645,SUPA DEURALI HUMAN RESOURCE PVT.LTD.,48,4,52
646,Superb For Ultimate Manpower Solution Pvt.Ltd,10,2,12
647,SUPERB SOLUTION PVT. LTD.,4,0,4
648,SUPPORT HUMAN RESORCES PVT. LTD.,134,45,179
649,Supreme Overseas Pvt. Ltd.,28,3,31
650,Sure Job Recruitment Pvt. Ltd.,19,0,19
651,SWASTIK OVERSEAS SERVICES PVT. LTD.,1,0,1
652,SWIFT GURKHA INTERNATIONAL PVT. LTD.,34,0,34
653,SWIFT H.R. SOLUTION PVT.LTD,58,0,58
654,SYNNET INTERNATIONAL PVT.LTD.,13,0,13
655,Takura Overseas Pvt. Ltd.,2,3,5
656,TALENT INTERNATIONAL MANAGEMENT SERVICE PVT. LTD.,6,0,6
657,TALENT OVERSEAS SERVICES PVT. LTD.,36,0,36
658,TARGET CONSULTANT HUMAN RESOURCES PVT LTD,61,1,62
659,Target H.R. Solution Pvt. Ltd.,1,4,5
660,THE CENTER OVERSEAS CONCERN PVT.LTD,31,0,31
661,THE GURKHA RE-EMPLOYMENT PVT. LTD.,2,0,2
662,THE RIVER OVERSEAS PVT. LTD.,702,5,707
663,THREE BROTHERS HUMAN RESOURCE PVT. LTD.,123,0,123
664,Tiger Overseas Employment Pvt. Ltd.,6,9,15
665,TILICHO OVERSEASE PVT.LTD.,95,1,96
666,TITANIC MANPOWER SUPPLIERS PVT. LTD.,173,16,189
667,Tokiyo Overseas Pvt Ltd,21,0,21
668,TOP JOBS PVT.LTD.,7,0,7
669,TOPAZ INTERNATIONAL PVT. LTD.,85,0,85
670,TRANS WORLD MANPOWER COMPANY PVT. LTD.,44,0,44
671,TRENDWAY INTERNATIONAL PVT.LTD.,49,0,49
672,TRICON INTERNATIONAL OVERSEAS (P.) LTD.,4,0,4
673,TRIKON MANAGEMENT SERVICES PVT. LTD.,1,3,4
674,TRIPLE STAR EMPLOYMENT PVT. LTD.,1,0,1
675,TRIPURA EMPLOYMENT PVT. LTD.,122,0,122
676,TRIVENI H.R. SOLUTION PVT. LTD.,37,6,43
677,TRIVENI OVERSEAS CONCERN PVT. LTD.,63,5,68
678,TRUST INTERNATIONAL OVERSEAS PVT. LTD.,23,0,23
679,TRUST NEPAL OVERSEAS PVT. LTD.,97,0,97
680,Tulsi International Employment P. Ltd.,41,0,41
681,UJYALO OVERSEAS PVT.LTD.,2,8,10
682,UNIQUE OVERSEAS PVT. LTD.,4,0,4
683,UNITED H. R. SOLUTION PVT. LTD.,44,0,44
684,UNITED INTERNATIONAL MANPOWER PVT. LTD.,22,2,24
685,Universal H.R.Solution Pvt. Ltd.,3,0,3
686,UNIVERSAL INTERNATIONAL (P.) LTD.,4,0,4
687,UTSAV H.R. SOLUTION PVT.LTD.,14,0,14
688,Uttardayi Rojgar Pvt. Ltd,1,0,1
689,VARSHA MANPOWER PVT. LTD.,52,8,60
690,Vastu Management Service Pvt.Ltd.,18,0,18
691,VICTORY NEPAL (P.) LTD.,5,0,5
692,VISION & VALUE OVERSEAS PVT. LTD.,94,38,132
693,VITAL INTERNATIONAL SERVICE PVT. LTD.,14,0,14
694,WAHAA MANPOWERS SUPPLIER PVT. LTD.,108,0,108
695,well growing recruitment pvt.ltd.,1,0,1
696,WHITE GLOVES INTERNATIONAL PVT. LTD.,16,6,22
697,WHITE HORSE INTERNATIONAL PVT.LTD.,30,0,30
698,White Pearl Light Manpower Services Pvt. Ltd.,13,8,21
699,WIDE SPACE INTERNATIONAL PVT. LTD,245,1,246
700,WIN RECRUITMENT PVT.LTD,150,0,150
701,WISDOM HUMAN RESOURCE PVT.LTD.,41,0,41
702,WISE INTERNATIONAL NEPAL PVT.LTD,55,0,55
703,Woodland International Pvt.Ltd,7,0,7
704,WORKFORCE SERVICES PVT. LTD.,19,0,19
705,WORLD FAVOUR OVERSEAS PVT. LTD.,16,5,21
706,WORLD NET RECRUITMENT CONSULTANT PVT.LTD.,28,0,28
707,WORLD VIEW INTERNATIONAL HUMAN RESOURCES (PVT).LTD,21,0,21
708,WORLD WIDE EMPLOYMENT CONSULTANT (P.) LTD.,99,0,99
709,WORLDWAYS MANPOWER INC (P.) LTD.,69,0,69
,Y.K. MANPOWER AGENCY PVT. LTD.(ASIA POWER OVERSEAS,,,
710,EMPLOYMENT SERVICES),101,0,101
711,YACCA OVERSEAS EMPLOYMENT CONSULT (P.) LTD.,68,0,68
712,YANA MANAGEMENT SERVICES PVT. LTD.,0,1,1
713,Yatra H.R. Solution,52,0,52
714,YOUNG MANPOWER PVT.LTD. (PUJAN H. R. SERVICE),8,0,8
715,YOUTH MANPOWER PVT.LTD.,9,4,13
716,YUSHO GLOBAL PVT.LTD.,40,0,40
717,ZENITH OVERSEAS CONSULTANT PVT. LTD.,13,0,13
,ZIA INTERNATIONAL SERVICES PVT. LTD. (AL QURAISH INTERNATIONAL,,,
718,P. LTD.),4,2,6
719,ZOOM INTERNATIONAL PVT. LTD,23,0,23
,Grand Total,25563,2292,27855
Report on Final Approved List Skill Wise from 2023-03-15 to 2023-04-13,,,,,,
S.N,,Skill Type,Approved No Of Men,Approved No Of Women,Total,
,1,High Skilled,16,4,,20
,2,Professional,73,10,,83
,3,Semi Skilled,4855,438,,5293
,4,Skilled,38623,3106,,41729
,5,Unskilled,12776,1577,,14353
,,Grand Total,56343,5135,,61478
