,,,,,Countrywise Labour Approval for Falgun 2079,,,,,,,,,,,,,,
,,Recruiting Agency,,,Individual-New,,,,G-to-G,,Individual-ReEntry,,,Total with ReEntry,,,Total without ReEntry,,
S.N.Country,,Male,Female,Total,Male,Female,Total,Male,Female,Total,Male,Female,Total,Male,Female,Total,Male,Female,Total
1,ALBANIA,0,3,3,12,14,26,0,0,0,0,0,0,12,17,29,12,17,29
2,Angola,0,0,0,0,0,0,0,0,0,1,0,1,1,0,1,0,0,0
3,Antigua & Barbuda,0,0,0,1,0,1,0,0,0,0,0,0,1,0,1,1,0,1
4,Australia,0,0,0,33,3,36,0,0,0,3,0,3,36,3,39,33,3,36
5,Austria,0,0,0,6,4,10,0,0,0,0,0,0,6,4,10,6,4,10
6,Bahrain,207,51,258,32,4,36,0,0,0,273,28,301,512,83,595,239,55,294
7,BARBADOS,0,0,0,2,0,2,0,0,0,0,0,0,2,0,2,2,0,2
8,Belgium,0,0,0,3,0,3,0,0,0,0,0,0,3,0,3,3,0,3
9,Bermuda,0,0,0,1,1,2,0,0,0,1,0,1,2,1,3,1,1,2
10,BOSNIA AND HERZEGOVINA,0,0,0,22,0,22,0,0,0,0,0,0,22,0,22,22,0,22
11,Brunei Darussalam,28,0,28,15,7,22,0,0,0,23,0,23,66,7,73,43,7,50
12,Cambodia,0,0,0,2,0,2,0,0,0,1,0,1,3,0,3,2,0,2
13,Canada,0,0,0,38,11,49,0,0,0,0,1,1,38,12,50,38,11,49
14,Cayman,0,0,0,8,1,9,0,0,0,6,0,6,14,1,15,8,1,9
15,China,0,0,0,4,1,5,0,0,0,4,0,4,8,1,9,4,1,5
16,COLOMBIA,0,0,0,4,0,4,0,0,0,0,0,0,4,0,4,4,0,4
17,Combodia,0,0,0,3,1,4,0,0,0,2,0,2,5,1,6,3,1,4
18,Cote DIvoire,0,0,0,2,0,2,0,0,0,0,0,0,2,0,2,2,0,2
19,Croatia,57,2,59,401,64,465,0,0,0,33,0,33,491,66,557,458,66,524
20,Cyprus,54,272,326,2,0,2,0,0,0,11,116,127,67,388,455,56,272,328
21,Czech Republic,0,0,0,1,0,1,0,0,0,4,1,5,5,1,6,1,0,1
22,DENMARK,0,0,0,1,0,1,0,0,0,0,0,0,1,0,1,1,0,1
23,Dominican Republic,0,0,0,2,0,2,0,0,0,0,0,0,2,0,2,2,0,2
24,Egypt,0,0,0,2,0,2,0,0,0,1,0,1,3,0,3,2,0,2
25,Eritrea,0,0,0,0,0,0,0,0,0,1,0,1,1,0,1,0,0,0
26,ETHIOPIA,0,0,0,1,0,1,0,0,0,0,0,0,1,0,1,1,0,1
27,Finland,0,0,0,3,2,5,0,0,0,1,0,1,4,2,6,3,2,5
28,France,0,0,0,37,1,38,0,0,0,0,0,0,37,1,38,37,1,38
29,GABON,0,0,0,0,0,0,0,0,0,1,0,1,1,0,1,0,0,0
30,Germany,0,0,0,3,0,3,0,0,0,0,2,2,3,2,5,3,0,3
31,Ghana,0,0,0,1,0,1,0,0,0,0,0,0,1,0,1,1,0,1
32,Greece,0,0,0,17,0,17,0,0,0,0,0,0,17,0,17,17,0,17
33,"Hong Kong SAR,China",3,0,3,0,0,0,0,0,0,0,0,0,3,0,3,3,0,3
34,Hungary,0,0,0,6,0,6,0,0,0,0,0,0,6,0,6,6,0,6
35,Ireland,0,0,0,5,1,6,0,0,0,0,0,0,5,1,6,5,1,6
36,Israel,0,0,0,2,2,4,0,0,0,11,28,39,13,30,43,2,2,4
37,Italy,0,0,0,1,0,1,0,0,0,0,0,0,1,0,1,1,0,1
38,Japan,60,18,78,339,110,449,0,0,0,328,16,344,727,144,871,399,128,527
39,Jordan,9,36,45,0,0,0,0,0,0,4,20,24,13,56,69,9,36,45
40,Kenya,0,0,0,0,1,1,0,0,0,5,0,5,5,1,6,0,1,1
41,Kuwait,1018,321,1339,72,175,247,0,0,0,693,183,876,1783,679,2462,1090,496,1586
42,Lao PDR,0,0,0,2,0,2,0,0,0,0,0,0,2,0,2,2,0,2
43,Lebanon,0,0,0,2,1,3,0,0,0,1,4,5,3,5,8,2,1,3
44,LITHUANIA,0,0,0,1,0,1,0,0,0,0,0,0,1,0,1,1,0,1
45,"Macau SAR,China",25,0,25,19,1,20,0,0,0,215,1,216,259,2,261,44,1,45
46,Madagascar,0,0,0,0,0,0,0,0,0,1,0,1,1,0,1,0,0,0
47,Malaysia,15727,280,16007,47,7,54,0,0,0,3681,82,3763,19455,369,19824,15774,287,16061
48,Maldives,1,0,1,210,118,328,0,0,0,47,23,70,258,141,399,211,118,329
49,MALTA,0,0,0,140,24,164,0,0,0,70,48,118,210,72,282,140,24,164
50,Maroc,0,0,0,0,0,0,0,0,0,1,0,1,1,0,1,0,0,0
51,Mauritania,0,0,0,3,0,3,0,0,0,0,0,0,3,0,3,3,0,3
52,Mauritius,31,0,31,1,0,1,0,0,0,0,0,0,32,0,32,32,0,32
53,Mexico,0,0,0,12,0,12,0,0,0,0,0,0,12,0,12,12,0,12
54,Morocco,0,0,0,1,0,1,0,0,0,0,0,0,1,0,1,1,0,1
55,Netherland,0,0,0,1,0,1,0,0,0,0,0,0,1,0,1,1,0,1
56,New Zealand,0,0,0,68,7,75,0,0,0,2,0,2,70,7,77,68,7,75
57,Nigeria,0,0,0,3,1,4,0,0,0,2,0,2,5,1,6,3,1,4
58,Norway,0,0,0,1,0,1,0,0,0,0,0,0,1,0,1,1,0,1
59,Oman,103,57,160,43,58,101,0,0,0,168,36,204,314,151,465,146,115,261
60,Palau,0,0,0,0,1,1,0,0,0,0,0,0,0,1,1,0,1,1
61,PAPUA NEW GUINEA,0,0,0,8,2,10,0,0,0,4,0,4,12,2,14,8,2,10
62,Poland,0,0,0,528,53,581,0,0,0,16,3,19,544,56,600,528,53,581
63,Portugal,0,0,0,66,9,75,0,0,0,0,0,0,66,9,75,66,9,75
64,Qatar,1714,201,1915,495,26,521,0,0,0,8587,280,8867,10796,507,11303,2209,227,2436
65,Republic of Bulgaria,0,0,0,2,0,2,0,0,0,0,0,0,2,0,2,2,0,2
66,Republic of Congo,0,0,0,4,0,4,0,0,0,4,0,4,8,0,8,4,0,4
67,Republic of Korea,0,0,0,39,0,39,2083,87,2170,18,0,18,2140,87,2227,2122,87,2209
68,Republic of Lithuania,0,0,0,0,0,0,0,0,0,1,0,1,1,0,1,0,0,0
69,REPUBLIC OF SEYCHELLES,0,0,0,1,0,1,0,0,0,0,0,0,1,0,1,1,0,1
70,Romania,586,65,651,247,47,294,0,0,0,112,13,125,945,125,1070,833,112,945
71,Russia,0,0,0,15,1,16,0,0,0,7,0,7,22,1,23,15,1,16
72,Rwanda,0,0,0,1,0,1,0,0,0,0,0,0,1,0,1,1,0,1
73,Saudi Arabia,4795,2,4797,9,0,9,0,0,0,4628,69,4697,9432,71,9503,4804,2,4806
74,Serbia,0,0,0,47,32,79,0,0,0,0,0,0,47,32,79,47,32,79
75,Seychelles,0,0,0,17,2,19,0,0,0,14,2,16,31,4,35,17,2,19
76,Singapore,0,0,0,39,1,40,0,0,0,0,0,0,39,1,40,39,1,40
77,Slovenia,0,0,0,14,0,14,0,0,0,0,0,0,14,0,14,14,0,14
78,SOMALIA,0,0,0,0,0,0,0,0,0,1,0,1,1,0,1,0,0,0
79,South Sudan,0,0,0,1,0,1,0,0,0,1,0,1,2,0,2,1,0,1
80,Spain,0,0,0,1,0,1,0,0,0,0,0,0,1,0,1,1,0,1
81,Sri Lanka,0,0,0,0,1,1,0,0,0,0,0,0,0,1,1,0,1,1
82,Tajikistan,0,0,0,0,0,0,0,0,0,1,0,1,1,0,1,0,0,0
83,Thailand,0,0,0,4,1,5,0,0,0,2,0,2,6,1,7,4,1,5
84,Turkey,0,0,0,3,0,3,0,0,0,12,6,18,15,6,21,3,0,3
85,Turks and Caicos Island,0,0,0,1,0,1,0,0,0,1,0,1,2,0,2,1,0,1
86,UAE,2683,874,3557,1069,294,1363,0,0,0,4139,736,4875,7891,1904,9795,3752,1168,4920
87,Uganda,0,0,0,1,0,1,0,0,0,0,0,0,1,0,1,1,0,1
88,United Kingdom,5,0,5,104,61,165,0,0,0,3,2,5,112,63,175,109,61,170
89,USA,0,0,0,23,5,28,0,0,0,1,0,1,24,5,29,23,5,28
90,ZAMBIA,0,0,0,3,0,3,0,0,0,3,1,4,6,1,7,3,0,3
,Total,27106,2182,29288,4380,1156,5536,2083,87,2170,23150,1701,24851,56719,5126,61845,33569,3425,36994
,,,,,Districtwise Labour Approval for Falgun 2079,,,,,,,,,,,,,,
,,Recruiting Agency,,,Individual-New,,,,G-to-G,,Individual-ReEntry,,,Total with ReEntry,,,Total without ReEntry,,
S.N.District,,Male,Female,Total,Male,Female,Total,Male,Female,Total,Male,Female,Total,Male,Female,Total,Male,Female,Total
1,ACHHAM,249,23,272,21,3,24,10,0,10,19,0,19,299,26,325,280,26,306
2,ARGHAKHANCHI,442,24,466,87,18,105,36,1,37,263,7,270,828,50,878,565,43,608
3,BAGLUNG,573,30,603,128,16,144,73,0,73,419,8,427,1193,54,1247,774,46,820
4,BAITADI,440,14,454,29,3,32,22,0,22,44,1,45,535,18,553,491,17,508
5,BAJHANG,214,11,225,9,1,10,15,0,15,15,1,16,253,13,266,238,12,250
6,BAJURA,175,17,192,10,1,11,5,0,5,26,1,27,216,19,235,190,18,208
7,BANKE,500,30,530,44,12,56,13,0,13,283,22,305,840,64,904,557,42,599
8,BARA,596,31,627,66,6,72,9,0,9,381,19,400,1052,56,1108,671,37,708
9,BARDIYA,527,27,554,45,13,58,21,0,21,187,14,201,780,54,834,593,40,633
10,BHAKTAPUR,142,16,158,25,11,36,6,0,6,65,15,80,238,42,280,173,27,200
11,BHOJPUR,418,32,450,48,9,57,39,1,40,212,22,234,717,64,781,505,42,547
12,CHITWAN,481,72,553,154,43,197,23,1,24,502,54,556,1160,170,1330,658,116,774
13,DADELDHURA,199,11,210,17,2,19,8,0,8,24,0,24,248,13,261,224,13,237
14,DAILEKH,285,10,295,14,5,19,25,0,25,51,3,54,375,18,393,324,15,339
15,DANG,683,39,722,87,24,111,22,1,23,442,22,464,1234,86,1320,792,64,856
16,DARCHULA,170,9,179,17,0,17,10,0,10,35,0,35,232,9,241,197,9,206
17,DHADING,456,69,525,111,27,138,21,1,22,231,35,266,819,132,951,588,97,685
18,DHANKUTA,300,25,325,40,7,47,25,0,25,192,25,217,557,57,614,365,32,397
19,DHANUSHA,1115,10,1125,110,2,112,3,1,4,1885,3,1888,3113,16,3129,1228,13,1241
20,DOLAKHA,231,53,284,58,17,75,30,2,32,87,32,119,406,104,510,319,72,391
21,DOLPA,45,1,46,2,0,2,0,0,0,9,2,11,56,3,59,47,1,48
22,DOTI,70,0,70,5,0,5,9,0,9,17,0,17,101,0,101,84,0,84
23,GORKHA,364,46,410,109,37,146,14,1,15,345,31,376,832,115,947,487,84,571
24,GULMI,263,13,276,162,20,182,52,0,52,397,13,410,874,46,920,477,33,510
25,HUMLA,26,1,27,2,0,2,2,0,2,4,0,4,34,1,35,30,1,31
26,ILAM,337,55,392,31,13,44,82,7,89,239,59,298,689,134,823,450,75,525
27,JAJARKOT,221,2,223,5,2,7,6,0,6,29,0,29,261,4,265,232,4,236
28,JHAPA,944,158,1102,170,66,236,98,6,104,1111,182,1293,2323,412,2735,1212,230,1442
29,JUMLA,79,4,83,7,1,8,5,0,5,9,0,9,100,5,105,91,5,96
30,KAILALI,269,25,294,46,11,57,64,1,65,153,9,162,532,46,578,379,37,416
31,KALIKOT,75,2,77,3,0,3,11,0,11,6,0,6,95,2,97,89,2,91
32,KANCHANPUR,295,11,306,43,9,52,31,0,31,182,8,190,551,28,579,369,20,389
33,KAPILVASTU,463,10,473,93,11,104,24,0,24,616,13,629,1196,34,1230,580,21,601
34,Kaski,260,25,285,144,39,183,35,1,36,441,38,479,880,103,983,439,65,504
35,KATHMANDU,117,57,174,110,47,157,8,3,11,187,90,277,422,197,619,235,107,342
36,KAVREPALANCHOK,364,95,459,86,39,125,48,8,56,260,69,329,758,211,969,498,142,640
37,KHOTANG,381,21,402,42,13,55,58,2,60,227,19,246,708,55,763,481,36,517
38,LALITPUR,114,28,142,35,21,56,11,2,13,94,32,126,254,83,337,160,51,211
39,LAMJUNG,218,20,238,62,16,78,12,0,12,292,17,309,584,53,637,292,36,328
40,MAHOTTARI,853,11,864,81,7,88,8,0,8,1334,11,1345,2276,29,2305,942,18,960
41,MAKAWANPUR,438,112,550,75,41,116,51,3,54,278,89,367,842,245,1087,564,156,720
42,MANANG,18,3,21,1,1,2,0,1,1,4,0,4,23,5,28,19,5,24
43,MORANG,919,114,1033,161,59,220,69,1,70,955,118,1073,2104,292,2396,1149,174,1323
44,MUGU,35,1,36,0,1,1,3,0,3,4,0,4,42,2,44,38,2,40
45,MUSTANG,9,1,10,6,1,7,0,1,1,3,0,3,18,3,21,15,3,18
46,MYAGDI,149,11,160,53,15,68,23,1,24,178,8,186,403,35,438,225,27,252
47,NAWALPARASI,47,3,50,0,0,0,0,0,0,0,0,0,47,3,50,47,3,50
48,NAWALPARASI EAST,393,31,424,100,32,132,28,0,28,547,22,569,1068,85,1153,521,63,584
49,NAWALPARASI WEST,281,8,289,49,18,67,13,0,13,402,16,418,745,42,787,343,26,369
50,NUWAKOT,306,89,395,70,35,105,38,4,42,220,50,270,634,178,812,414,128,542
51,OKHALDHUNGA,209,18,227,22,6,28,29,5,34,125,12,137,385,41,426,260,29,289
52,PALPA,273,11,284,54,13,67,37,0,37,446,10,456,810,34,844,364,24,388
53,PANCHTHAR,286,23,309,37,15,52,145,6,151,219,20,239,687,64,751,468,44,512
54,PARBAT,128,7,135,66,15,81,48,1,49,240,9,249,482,32,514,242,23,265
55,PARSA,361,9,370,25,4,29,8,0,8,209,6,215,603,19,622,394,13,407
56,PYUTHAN,327,4,331,37,1,38,14,0,14,145,3,148,523,8,531,378,5,383
57,RAMECHHAP,252,55,307,59,18,77,39,3,42,152,32,184,502,108,610,350,76,426
58,RASUWA,47,14,61,20,4,24,3,0,3,23,10,33,93,28,121,70,18,88
59,RAUTAHAT,659,11,670,42,10,52,7,0,7,364,4,368,1072,25,1097,708,21,729
60,ROLPA,380,11,391,30,2,32,17,1,18,206,10,216,633,24,657,427,14,441
61,RUKUM,24,2,26,0,0,0,0,0,0,0,0,0,24,2,26,24,2,26
62,RUKUM EAST,135,4,139,19,2,21,2,0,2,51,3,54,207,9,216,156,6,162
63,RUKUM WEST,180,8,188,10,1,11,6,1,7,43,4,47,239,14,253,196,10,206
64,RUPANDEHI,654,23,677,178,50,228,47,0,47,829,35,864,1708,108,1816,879,73,952
65,SALYAN,523,19,542,21,5,26,12,0,12,146,4,150,702,28,730,556,24,580
66,SANKHUWASABHA,273,17,290,18,14,32,27,1,28,164,11,175,482,43,525,318,32,350
67,SAPTARI,790,6,796,48,3,51,3,0,3,728,2,730,1569,11,1580,841,9,850
68,SARLAHI,942,25,967,60,11,71,14,1,15,650,22,672,1666,59,1725,1016,37,1053
69,SINDHULI,426,54,480,48,16,64,24,0,24,217,31,248,715,101,816,498,70,568
70,SINDHUPALCHOK,362,105,467,95,55,150,33,2,35,190,100,290,680,262,942,490,162,652
71,SIRAHA,839,2,841,80,3,83,5,0,5,1415,1,1416,2339,6,2345,924,5,929
72,Solukhumbu,118,36,154,26,12,38,35,2,37,62,23,85,241,73,314,179,50,229
73,SUNSARI,567,52,619,143,41,184,40,1,41,738,65,803,1488,159,1647,750,94,844
74,SURKHET,333,8,341,22,6,28,42,1,43,107,4,111,504,19,523,397,15,412
75,SYANGJA,316,27,343,149,22,171,109,0,109,603,21,624,1177,70,1247,574,49,623
76,TANAHUN,408,33,441,111,25,136,14,4,18,636,23,659,1169,85,1254,533,62,595
77,TAPLEJUNG,155,25,180,25,13,38,40,3,43,131,15,146,351,56,407,220,41,261
78,TEHRATHUM,163,15,178,28,5,33,30,2,32,121,6,127,342,28,370,221,22,243
79,UDAYAPUR,427,47,474,34,9,43,34,3,37,284,35,319,779,94,873,495,59,554
,Total,27106,2182,29288,4380,1156,5536,2083,87,2170,23150,1701,24851,56719,5126,61845,33569,3425,36994
,Report on Final Approved List RA Wise,from 2023-02-13 to 2023-03-14,,
S.N,Recruitment Agency,Approved No Of Men,Approved No Of Women,Total
1,A. M. B. HUMAN RESOURCES PVT. LTD.,51,0,51
2,A.K. OVERSEAS PVT. LTD.,1,0,1
3,A.N.S.ASSOCIATES PVT. LTD.,69,0,69
4,A.S. INTERNATIONAL GROUP PVT.LTD.,93,0,93
5,AADARSHA HUMAN RESOURCES PVT.LTD.,20,0,20
6,AAKARSHAN INTERNATIONAL PVT. LTD.,98,0,98
7,AAKRITI RECRUITING PVT. LTD,13,0,13
8,Aarambha H R Services Pvt.Ltd,11,0,11
9,Aarohan Human Resource Private Limited,64,0,64
10,AAROHI H.R. SOLUTIONS (P) LTD.,24,2,26
11,AASHIN OVERSEAS PVT.LTD.,10,0,10
12,aashirbad overseas pvt ltd,45,0,45
13,AASTHA INTERNATIONAL EMPLOYEMENT PVT.LTD.,4,0,4
14,AAYUSH OVERSEAS PVT.LTD.,22,0,22
15,ABC Overseas Pvt. Ltd.,18,24,42
16,ABC PLACEMENTS PVT. LTD.,1,0,1
17,ACCESS PARTNERS NEPAL PVT. LTD.,8,0,8
18,ACCESS PARTNERS PVT LTD,372,10,382
19,ADVANCED MANAGEMENT CONSULTANTS PVT. LTD.,121,0,121
20,ADVENTURE HUMAN RESOURCE P.LTD.,13,0,13
21,AGNI OVERSEAS PVT.LTD.,1,10,11
,AIR KINGS PLACEMENT PVT. LTD.(VRINDIT SERVICES PVT.,,,
22,LTD.),124,73,197
23,AJAMBARY OVERSEAS SERVICES (P) LTD.,7,1,8
24,Ajeets Management and Development Company Pvt Ltd,12,0,12
25,AL - ASMACS COMPANY PVT. LTD.,112,7,119
,AL AJEETS MANAGEMENT &amp;amp; OUTSOURCING PVT.,,,
26,LTD.,10,0,10
27,AL AMAL OVERSEAS PVT. LTD.,36,4,40
28,AL AYUNI OVERSEAS SERVICES SERVICES PVT.LTD,22,0,22
29,Al Faraz International Overseas Pvt. Ltd,18,0,18
30,AL HAYA H.R. SOLUTION PVT. LTD.,30,0,30
31,Al Haya Recruitment Pvt. Ltd,7,0,7
32,AL JAZEERA OVERSEAS PVT LTD,5,0,5
33,AL KAUSAR HUMAN RESOURCE PVT.LTD.,78,0,78
34,AL NASEER OVERSEAS PVT. LTD.,18,0,18
35,AL NOOR OVERSEAS PVT.LTD,13,9,22
,AL RAAS RECRUITMENT SERVICES PVT. LTD.(SALYAN,,,
36,OVERSEAS PVT. LTD),39,0,39
37,AL SAMA INTERNATIONAL OVERSEAS PVT. LTD.,22,0,22
38,AL SAMIT INTERNATIONAL PVT. LTD.,1,0,1
39,AL SAMIT MANPOWER PVT. LTD.,7,0,7
40,AL SASHA OVERSEAS PVT.LTD.,9,0,9
41,AL SECURE MANPOWER RECRUITMENT PVT.LTD.,83,8,91
42,AL SHAHID OVERSEAS PVT.LTD,23,0,23
43,AL TAAZ INTERNATIONAL PVT.LTD.,82,1,83
44,AL ZARAFA HUMAN RESOURCE CONSULTANT PVT. LTD.,77,16,93
45,Alert Overseas Pvt. Ltd.,3,0,3
46,Alfarooque overseas pvt Ltd,32,0,32
47,Al-Harmain H.R. Pvt. Ltd.,50,0,50
48,AL-HAYAT MANAGEMENT SYSTEM PVT. LTD.,20,0,20
49,AL-HERA OVERSEAS PVT. LTD.,5,0,5
50,ALI OVERSEAS PVT. LTD.,1,0,1
51,AL-KARIM HUMAN RESOURCES PVT.LTD.,32,0,32
52,All asia overseas pvt.ltd,125,16,141
53,ALL CORNICE OVERSEAS SERVICE PVT. LTD.,1,0,1
54,ALL RAHIM MANPOWER PVT.LTD.,0,1,1
55,ALL SKILLS INTERNRNATIONAL HUMAN RESOURCE PVT.LTD,60,0,60
56,ALLIANCE HUMAN RESOURCES,25,6,31
57,All-Solution Employment Service Pvt. Ltd.,34,0,34
,ALMIGHTY INTERNATIONAL MANPOWER SERVICES,,,
58,PVT.LTD.(Jaya Shree Hanuman),5,2,7
59,AL-MOON OVERSEAS PVT. LTD.,35,0,35
60,ALON OVERSEAS PVT.LTD.,2,0,2
,ALPHA SIGMA HUMAN RESOURCES MANAGEMENT,,,
61,PVT.LTD.,1,0,1
62,ALPHA SIGMA OVERSEAS PVT. LTD.,23,7,30
63,AL-SAHELI MANPOWER PVT. LTD.,131,1,132
,"AL-TAUQET OVERSEAS,NEPAL PVT.LTD(ABICHAL OVERSEAS",,,
64,PVT. LTD. ),39,5,44
65,AL-ZAFAR INTERNATIONAL PVT. LTD.,64,0,64
66,"AMAN OVERSEAS PVT. LTD,",4,13,17
67,Amcon Overseas Pvt. Ltd.,141,0,141
68,AMITY GLOBAL EMPLOYMENT SERVICES PVT. LTD.,25,0,25
69,ANAMOL OVERSEAS PVT. LTD.,1,0,1
70,ANJALI OVERSEAS SERVICE PVT. LTD.,51,2,53
71,ANJULIMA INTERNATIONAL PVT. LTD.,60,0,60
72,ANNAPURNA INTERNATIONAL SERVICES PVT. LTD.,150,0,150
73,AP OVERSEAS PVT. LTD.,15,0,15
74,Api Manpower Solutions Pvt Ltd,84,0,84
75,APOLLO MENPOWER SERVICES PVT.LTD.,40,1,41
76,APPLE OVERSEAS PVT. LTD.,36,0,36
77,APPOLO OVERSEAS SERVICES (P) LTD.,65,0,65
78,apps services pvt.ltd,8,25,33
79,ARAB RECRUITING SERVICES PVT. LTD.,1,0,1
80,ARANIKO OVERSEAS PVT. LTD.,5,0,5
81,AROUND THE WORLDS SERVICES,2,0,2
82,ASEANA INTERNATIONAL PVT.LTD.,19,0,19
83,ASHA INTERNATIONAL PVT. LTD.,5,0,5
84,ASHUTOSH MANPOWER CONSULTANCY PVT. LTD.,138,1,139
85,ASIA LINK SERVICES PVT. LTD.,44,0,44
86,ASIA PACIFIC RECRUITMENT SERVICE PVT. LTD.,20,0,20
87,ASIAPOWER RECRUITMENT CONSULTANTS PVT.LTD.,84,0,84
88,ASLESHA INTERNATIONAL PVT LTD,23,3,26
89,ASMITA INTERNATIONAL OVERSES P. LTD.,16,0,16
90,ASSOCIATES WELCOME INTERNATIONAL PVT. LTD.,1,0,1
91,AURORA HUMAN RESOURCE PVT. LTD.,16,0,16
,AURUM CONSULTING PVT. LTD.(WHITE PEARL,,,
92,RECRUITMENT SERVICES PVT.LTD.),20,0,20
93,Avion Human Resource Management Pvt. Ltd.,10,1,11
94,AVIOSUPPORT HUMAN RESOURCES PVT LTD,0,5,5
95,AYUSH INTERNATIONAL OVERSEAS SERVICES PVT. LTD.,113,10,123
96,B AND G INTERNATIONAL OVERSEAS PVT.LTD,2,0,2
97,B.D. GROUP MAN POWER PVT.LTD.,6,0,6
98,B.GAS FOREIGN EMPLOYMENT PVT. LTD.,8,0,8
99,B.J. OVERSEAS PVT. LTD.,73,0,73
100,B.M. OVERSEAS PVT. LTD.,140,6,146
101,B.S. OVERSEAS PVT. LTD.,147,0,147
102,BABA HUMAN RESOURCE MANAGEMENT PVT. LTD.,35,2,37
103,BABY ANGEL INTERNATIONAL PVT. LTD.,42,0,42
104,BAIBHAV OVERSEAS PVT. LTD.,0,2,2
105,BAJRA HUMAN RESOURCES PVT.LTD.,90,0,90
106,BELIEVABLE OVERSEAS PVT.LTD.,20,0,20
107,BEST RECRUITMENT SERVICE PVT. LTD.,93,61,154
108,BETA INTERNATIONAL MANPOWER PVT. LTD.,8,0,8
,BETA MANPOWER RESOURCES PVT.LTD.(GREAT,,,
109,EMPLOYMENT CERNTER PVT.LTD.),1,0,1
110,BHAIRAB INTERNATIONAL SERVICE PVT. LTD.,3,0,3
111,BHANDARI OVERSEAS PVT. LTD.,43,33,76
112,BHUMIPUTRA FOREIGN EMPLOYMENT SERVICE PVT LTD,78,0,78
113,BIGYAN HR MANAGEMENT PVT. LTD.,77,0,77
114,BINAMAY INTERNATIONAL PVT. LTD.,47,0,47
115,BIRAT OVERSEAS INTERNATIONAL PVT.LTD,121,0,121
116,BISHOJYOTI HR SOLUTION PVT LTD,22,0,22
117,BLUE BIRD OVERSEAS PVT.LTD.,10,0,10
118,BLUE LINK PLACEMENT SOLUTION PVT.LTD,20,0,20
119,Blue Moon Overseas Nepal Pvt. Ltd.,7,2,9
120,BLUE OCEAN OVERSEAS PVT. LTD.,24,0,24
121,BLUE OCEAN RECRUITMENT PVT. LTD.,19,13,32
122,BLUE SKY INTERNATIONAL PVT. LTD.,59,0,59
123,BRIDGE SKY INTERNATIONAL PVT. LTD.,,66,6,72
124,BRIGHT STAR HUMAN RESOURCES PVT. LTD.,,4,1,5
125,BRITISH GORKHA OVERSEAS SERVICES PVT. LTD.,,3,0,3
126,BROADWAY OVERSEAS EMPLOYMENT SERVICE PVT. LTD.,,10,0,10
,Brothers International Employment Pvt. Ltd.(THE LINK FOR,,,,
127,RECRUITMENT CONSULTANCY PVT.LTD.),,176,57,233
128,C. D. HUMAN RESOURCES PVT. LTD.,,61,58,119
129,CAPITAL INTERNATIONAL MANPOWER PVT. LTD.,,24,3,27
130,CAPITAL RECRUITMENT,SERVICES P.LTD.,0,3,3
131,CARAVAN EMPLOYMENT SERVICES PVT. LTD.,,22,0,22
132,care professional service pvt.ltd,,0,2,2
,CAREER DEVELOPMENT HUMAN RESOURCE PVT.,,,,
133,LTD.(MAHARAJA HUMAN RESOURCE PVT.LTD),,12,1,13
134,CAREER INTERNATIONAL SERVICES (P) LTD.,,19,0,19
135,CENTRAL CAPITAL SERVICES PVT.LTD.,,88,0,88
136,CHANDANI MANAGEMENT SERVICES PVT. LTD.,,13,3,16
,CHANDRA KAMANA MANPOWER PVT.LTD. (A.D. CAREERS,,,,
137,PVT.LTD.),,104,12,116
138,Cherish Oversease Pvt. Ltd,,31,7,38
139,CHINARI OVERSEAS PVT. LTD.,,6,0,6
140,CLASSIC OVERSEAS MANPOWER PVT. LTD.,,3,0,3
141,CODE INTERNATIONAL SERVICES PVT. LTD.,,47,6,53
142,Confident International Manpower Pvt.Ltd,29,4,33
143,CONTINENTAL H.R.D. CONSULTANTS PVT. LTD.,15,1,16
144,CONTINENTAL MERCANTILE PVT. LTD.,7,0,7
145,COSMO INTERNATIONAL OVERSEAS PVT. LTD.,40,0,40
146,COSMOS NEPAL HUMAN RESOURCE (P) LTD.,16,0,16
147,CREATIVE PLACEMENT SERVICES PVT. LTD.,54,0,54
148,CROWN EMPLOYMENT CONSULTANT PVT. LTD.,26,0,26
149,CROWN OVERSEAS CONSULTANCY PVT. LTD.,5,9,14
150,CST SEASON SERVICE PVT. LTD.,3,0,3
151,D.A HUMAN RESOURCE PVT.LTD,1,0,1
152,D.D. HUMAN RESOURCE PVT. LTD.,4,0,4
,D.N. INTERNATIONAL NEPAL OVERSEAS EMPLOYMENT,,,
153,AGENCY PVT. LTD.,7,0,7
154,D.N. MANPOWER PVT. LTD.,110,30,140
155,D.PROTON MANPOWER SUPPLIERS PVT. LTD.,10,0,10
156,D.Squared Group Pvt. Ltd.(Nava Jyoti H.R. solution),5,1,6
157,Dailekh Overseas P. Ltd.,26,0,26
158,DAKSHINKALI MANPOWER SUPPLIER PVT. LTD.,19,0,19
159,DAMARU RESOURCE PVT.LTD.,16,0,16
160,DAR AL-KHALEEJ OVERSEAS MANPOWER CONCULTANT,30,0,30
161,David Foreign Recruitment Agency Pvt. Ltd.,3,0,3
162,DECENT EMPLOYMENT PVT. LTD.,96,17,113
163,DEEP JYOTI MANPOWER SERVICE PVT LTD.,67,1,68
164,DEITY INTERNATIONAL PVT.LTD.,2,0,2
165,DELUXE HR SOLUTIONS PVT. LTD.,2,0,2
166,Destiny H.R. Group Pvt. Ltd(Wide Renge HR Pvt. Ltd.),4,0,4
167,DESTINY HUMAN RESOURCE NEPAL PVT.LTD,129,1,130
168,DESTINY PLACEMENT SERVICE PVT. LTD.,38,0,38
169,DEWAN CONSULTANTS PVT.LTD,57,6,63
170,DHARMA OVERSEAS PVT. LTD.,62,0,62
171,DIAMOND OVERSEAS SERVICES PVT. LTD.,8,0,8
172,Diamond Star Overseas Pvt. Ltd.,37,0,37
173,DIANA OVERSEAS PVT. LTD.,7,1,8
174,DITYA INTERNATIONAL PVT. LTD.,164,9,173
175,DIVINE INSIGHT OVERSEAS PVT.LTD,5,3,8
176,DIYALO INTERNATIONAL EMPLOYMENT AGENCY PVT. LTD.,23,7,30
177,DK River Overseas Pvt. Ltd.,49,4,53
178,DOS LINK PVT. LTD.,12,0,12
179,DOTI OVERSEAS PVT.LTD,47,0,47
180,DREAM & GUIDE SYSTEM PVT. LTD,11,1,12
181,DREAM RECRUITING SERVICE,22,3,25
,Dreamland Management Pvt.Ltd.(FIRDOSH,,,
182,INTERNATIONAL OVERSEAS COMPANY PVT. LTD.),27,0,27
183,DUBAI OVERSEAS INTERNATIONAL PVT.LTD.,28,0,28
184,DULSCO HUMAN RESOURCES PVT. LTD.,19,0,19
185,DYNAMIC GLOBAL H.R.PVT. LTD.,1,2,3
186,DYNAMIC SALES AND SERVICES PVT. LTD.,157,0,157
187,DYNAMIC STAFFING SOLUTION NEPAL PVT. LTD.,65,2,67
188,EARTH SMART HUMAN RESOURCES NEPAL PVT.LTD.,50,0,50
189,EARTH VISION MANPOWER SERVICES PVT. LTD.,0,3,3
190,EASY OVERSEAS PVT.LTD. (SKY BRIDGE OVERSEAS PVT.LTD.),49,3,52
191,Elan International Pvt. Ltd.,7,0,7
192,ELITE HUMAN RESOURCE PVT. LTD.,5,1,6
193,ELMIRA MANPOWER SERVICE PVT. LTD.,11,0,11
194,EMASCO NEPAL PVT. LTD.,28,0,28
195,EMERALD ISLE NEPAL PVT LTD(GULMI OVERSEAS PVT LTD),2,0,2
196,EMINENCE RECRUITMENT INTERNATIONAL PVT LTD,93,0,93
197,EMPIRE INTERNATIONAL PVT. LTD.,7,0,7
198,EMPLOYMENT CREATION SERVICE PVT. LTD.,2,1,3
199,Employment Link Nepal Pvt. Ltd.,40,1,41
200,EMPOWER HUMAN RESOURCES MANAGEMENT PVT. LTD,72,17,89
201,EQUATOR INTERNATIONAL P LTD,7,0,7
202,Eram Overseas Pvt. Ltd.,4,7,11
203,Euro Asia H.R. Solutions Pvt. Ltd. KTM Nepal,32,4,36
,EURO TECH CONSULTANCY PVT. LTD. (DARSHAN OVERSEAS,,,
204,PVT. LTD.),7,0,7
205,EUROCROSS INTERNATIONAL PVT.LTD.,0,5,5
206,Eurosia human resourse p.ltd,1,11,12
207,EVE NEPAL OVERSEAS PVT. LTD.,37,3,40
208,Ever Bright Overseas Pvt. Ltd.,40,0,40
209,EXCELLENT MANPOWER SERVICES PVT.LTD.,25,0,25
210,FAIR CONNECT RESOURCE PVT.LTD.,102,0,102
211,Famous Human Resources Pvt. Ltd.,49,0,49
212,Fast Employment Service (P) ltd,33,0,33
213,FAZAL INTERNATIONAL PVT.LTD,63,0,63
214,FELICITY INTERNATIONAL EMPLOYMENT AGENCY PVT. LTD,2,0,2
215,FEWA H.R. SOLUTIONS PVT. LTD.,25,0,25
216,Fewa Overseas Pvt. Ltd,6,0,6
217,Fishtail Overseas Pvt. Ltd.,28,11,39
218,FIVE STAR INTERNATIONAL OVERSEAS PVT. LTD.,8,0,8
219,FOUR STAR OVERSEAS EMPLOYMENT SERVICES PVT. LTD.,4,2,6
,FRIENDSHIP INTERNATIONAL EMPLOYMENT SERVICE PVT.,,,
220,LTD.,2,0,2
221,FRIENDSHIP MANPOWER CONSULTANCY PVT. LTD.,5,0,5
222,FRONTLINE RECRUITMENT PVT.LTD.,234,6,240
223,FUSION INTERNATIONAL PVT. LTD.,63,38,101
224,FUTURE EMPLOYMENT SERVICES PVT. LTD.,83,12,95
225,FUTURE LINK INTERNATIONAL PVT. LTD.,13,0,13
226,FUTURE MINDS PVT. LTD.,13,0,13
227,FUTURE STAR MANPOWER PVT. LTD.,21,0,21
228,G.C.D. WORLDWIDE PVT. LTD.,29,58,87
229,G.R. MANPOWER SERVICE PVT. LTD.,14,0,14
230,GALAXY UNIVERSAL SERVICES,14,0,14
231,GANAPATI OVERSEAS PVT. LTD.,2,20,22
232,GANDAKI GURKHAS PVT. LTD.,8,0,8
233,GAURI SHANKAR OVERSEAS PVT. LTD.,19,1,20
234,GAUTAM INTERNATIONAL MANPOWER SERVICES PVT LTD,2,30,32
235,GENUINE PLACEMENT PVT. LTD.,22,0,22
,Global Recruitment Group Pvt.Ltd.(BASNET AND GROUP,,,
236,HUMAN RESOURCE PVT LTD),12,0,12
,GLOBAL SOURCING GROUP PVT.LTD(TRANS ASIA,,,
237,MANPOWER PVT.LTD),7,3,10
238,GLOBAL WELFARE HR SOLUTION PVT.LTD.,10,0,10
239,Gold Overseas Pvt Ltd,35,0,35
240,Golden achivers international pvt Ltd,41,29,70
241,Golden Eagle Manpower Pvt. Ltd.,50,0,50
242,Golden Gateway Internatioal P.Ltd,5,4,9
243,Good Earth International Pvt. Ltd.,11,0,11
244,GOODWILL INTERNATIONAL PVT.LTD.,93,0,93
245,GORKHA HUMAN RESOURCE SOLUTION PVT LTD,68,12,80
246,GORKHAS ASSOCIATE PVT. LTD.,51,0,51
247,GRACE OVERSEAS PVT. LTD.,3,2,5
248,GRAND FORTUNE EMPLOYMENT SERVICES PVT. LTD.,5,0,5
,Grand Pearl International Pvt. Ltd. (Twilight Overseas Pvt,,,
249,Ltd),13,0,13
250,GRAND SHIKHAR OVERSEAS PVT LTD,16,0,16
251,GRAND SUITE JOB PVT. LTD.,90,2,92
252,Greater Vision Overseas Pvt. Ltd.,90,0,90
253,GREEN HILL OVERSEAS PVT. LTD.,3,0,3
254,GREEN LIGHT OVERSEAS PVT. LTD,25,1,26
255,GREEN STAR OVERSEAS PVT. LTD.,36,0,36
,GREEN TARA INTERNATIONAL OVERSEAS SERVICES PVT.,,,
256,LTD.,3,1,4
,GROWTH PROCESS INTERNATIONAL EMPLOYMENT PVT.,,,
257,LTD.,100,0,100
,GUIDELINE RECRUITMENT SERVICE PVT.LTD. (K. D.,,,
258,MANPOWER PVT. LTD.),8,1,9
259,GULF MANAGEMENT INTERNATIONAL PVT. LTD,7,0,7
260,GULF MANPOWER SERVICES PVT. LTD.,107,0,107
261,GULF SKY INTERNATIONAL PVT. LTD.,59,0,59
262,GULF STAR OVERSEAS PVT. LTD.,15,0,15
263,GURKHA EMPLOYMENT PVT. LTD.,40,0,40
264,GURUNG MAGAR SERVICES PVT. LTD.,19,0,19
265,GURUNG MANAGEMENT OVERSEAS PVT. LTD.,34,0,34
266,H. R. WORLD SERVICE PVT. LTD.,2,0,2
267,H.M.T. Overseas Pvt. Ltd.,42,4,46
268,H.R. INTERNATIONAL EMPLOYMENT SERVICES,27,2,29
,HABTOOR INTERNATIONAL PVT. LTD. (LALITPUR OVERSEAS,,,
269,PVT. LTD.),5,2,7
270,HALESI OVERSEAS PVT LTD,8,0,8
271,HAMDAN EMPLOYMENT SERVICE PVT. LTD.,15,10,25
272,HAPPY NEPAL EMPLOYMENT PVT. LTD,120,0,120
273,HEAVEN OVERSEAS PVT. LTD.,8,0,8
274,HELP OVERSEAS PVT. LTD.,0,8,8
275,HERALD INTERNATIONAL PVT. LTD.,23,1,24
276,HI TECH H.R. SOLUTION PVT. LTD.,5,0,5
277,Hilton Human Resources pvt.Ltd.,3,0,3
278,HIMALAYAN HUMAN RESOURCES NEPAL PVT. LTD.,52,5,57
279,Himalayan Valley Nepal Pvt.Ltd.,11,0,11
280,HIT OVERSEAS EMPLOYMENT PVT. LTD.,10,0,10
281,HONESTY OVERSEAS PVT.LTD.,8,0,8
282,HOPE INTERNATIONAL PVT. LTD,23,0,23
283,HPI GLOBAL NEPAL OVERSEAS SERVICES,2,1,3
,Humanitarian Human Resources Pvt. Ltd.(Aboard Link H.R.,,,
284,Solution),1,0,1
285,HUMOUR OVERSEAS PVT. LTD.,49,4,53
286,HYHIRE INTERNATIONAL PVT. LTD.,4,0,4
287,IMPERIAL OVERSEAS PVT.LTD,6,1,7
288,IMS MANPOWER PVT.LTD.,8,0,8
289,Index Recruitment Pvt. Ltd.,50,3,53
290,INDIGO OVERSEAS PVT. LTD.,22,1,23
291,INDO ARAB MANPOWER PVT. LTD.,64,1,65
292,INNOVATIVE HUMAN RESOURCE DEVELOPMENT PVT. LTD.,64,0,64
293,INSPIRE INTERNATIONAL EMPLOYMENT PVT.LTD.,32,0,32
294,International Hr Solution Pvt. Ltd.,151,0,151
295,INTERNATIONAL MANPOWER RECRUITMENT (P) LTD.,400,9,409
296,INTERNATIONAL TRADE LINKS NEPAL PVT.LTD.,32,5,37
297,ISHAN INTERNATIONAL OVERSEAS PVT. LTD.,90,0,90
298,ISHAN OVERSEAS PVT. LTD.,14,0,14
299,J. J. HUMAN RESOURCE PVT. LTD.,15,0,15
300,J.P. OVERSEAS PVT.LTD,76,0,76
301,J.S.N. International Pvt. Ltd.,26,0,26
302,JALAJALA RECRUITMENT PVT.LTD,30,0,30
303,JANASHAKTI INTERNATIONAL SERVICES PVT.LTD.,24,3,27
304,JAPURA OVERSEAS PVT. LTD.,1,20,21
305,JASMINE OVERSEAS PVT.LTD.,3,0,3
306,JBR ASSOCIATES PVT. LTD.,10,1,11
,JERRY VARGHESE GLOBAL RECRUITMENT SERVICES PVT.,,,
307,LTD.,12,0,12
308,JOB SEEKER MANPOWER PVT. LTD.,104,30,134
309,JOB SPOT INTERNATIONAL PVT. LTD.,66,1,67
310,JOB TRACK RECRUITING PVT. LTD.,7,0,7
311,JOB WORLD INTERNATIONAL OVERSEAS PVT. LTD.,6,0,6
,JOBS CENTER PVT. LTD.(MY CAREERS H.R. SOLUTIONS PVT.,,,
312,LTD.),2,0,2
313,JOBS GLOBAL.COM EMPLOYMENT SERVICES PVT. LTD.,6,2,8
314,JOBS SEARCH PVT. LTD.,11,0,11
315,JOINT RESOURCE MANAGEMENT PVT.LTD.,187,0,187
316,JUPITER OVERSEAS CONCERN PVT. LTD.,49,0,49
317,K & C International Pvt. Ltd,13,0,13
318,K L EMPLOYMENT SERVICES PVT. LTD.,6,0,6
319,K.H.M. Recruitment Services Pvt Ltd,30,0,30
320,K.P. INTERNATIONAL OVERSEAS PVT. LTD.,23,1,24
321,K.S.A. INTERNATIONAL GROUP PVT. LTD.,1,0,1
322,K.S.B. International Pvt.Ltd.,24,0,24
323,KABELI HUMAN RESOURCE PVT. LTD.,100,0,100
324,KAILASH INTERNATIONAL MANPOWER PVT. LTD.,30,0,30
325,KALIKA HUMAN RESOURCE PVT LTD,17,3,20
326,Kalinchok H. R. Pvt. Ltd.,21,13,34
327,KALINCHWOK MANPOWER PVT. LTD.,0,9,9
328,KAMKHYA OVERSEAS PVT. LTD.,17,0,17
329,KANCHAN HUMAN RESOURCES MANAGEMENT PVT. LTD.,66,74,140
330,KANCHANJUNGHA OVERSEAS PVT. LTD.,8,0,8
331,KANGAROO HUMAN RESOURCES PVT.LTD.,30,0,30
332,KANKAI RECRUITMENT SUPPLIERS PVT. LTD,131,0,131
333,KANTIPUR MANPOWER SERVICE (P) LTD.,82,0,82
334,KANTIPUR OVERSEAS SERVICE PVT. LTD.,7,2,9
335,KAPEEL MANPOWER PVT. LTD.,30,0,30
336,KARMA INTERNATIONAL EMPLOYMENT SERVICES (P) LTD.,46,26,72
337,Kaski Overseas P. Ltd.,2,2,4
338,KASTURI INTERNATIONAL SERVICE PVT. LTD.,107,6,113
339,Kathmandu h.r. solution pvt.ltd.,33,0,33
340,KATHMANDU INTERNATIONAL INCORPORATE PVT. LTD.,21,19,40
341,Kathmandu Overseas Pvt. Ltd.,15,0,15
342,KAUSHIK JANASHAKTI INTERNATIONAL PVT. LTD.,13,0,13
343,KHAGOL OVERSEAS PVT. LTD.,83,0,83
344,KHOJI RECRUITMENT SERVICES PVT. LTD.,115,0,115
345,KHUMBU OVERSEAS SERVICES PVT. LTD.,89,0,89
346,Kingfisher Overseas Pvt.Ltd,43,0,43
347,KOPERASI INTERNATIONAL PVT.LTD.,32,0,32
348,KOSH OVERSEAS PVT.LTD.(SHIBUWA OVERSEAS PVT.LTD.),0,4,4
349,KOSHI INTERNATIONAL SERVICES PVT. LTD.,88,0,88
350,krisha international employment service pvt ltd,21,0,21
,Ktm White Pearl H.R. Consultancy Pvt. Ltd.(Mediterranean,,,
351,Overseas Pvt. Ltd.),25,1,26
352,KUNAL EMPLOYMENT SERVICE PVT. LTD.,1,0,1
353,LAL DHANUS INTERNATIONAL SERVICE PVT. LTD.,56,1,57
354,LANDMARK MANPOWER SOLUTION PVT LTD,3,0,3
355,LEADER OVERSEAS PVT.LTD.,6,0,6
,LEADING AIM INTERNATIONAL PVT. LTD.(G AND P,,,
356,INTERNATIONAL OVERSEAS PVT LTD),24,2,26
357,LEADING FOREIGN RECRUITMENT PVT. LTD.,156,24,180
358,LIBERTY H.R. CONSULTANT PVT LTD,24,2,26
359,LIFE INTERNATIONAL OVERSEAS PVT. LTD.,84,0,84
360,LIFE LINE OVERSEAS PVT. LTD.,6,1,7
361,LIMCO OVERSEAS PVT. LTD.,9,0,9
362,LINK INTERNATIONAL PLACEMENT SERVICE PVT.LTD.,78,1,79
363,LINK ON INTERNATIONAL PVT. LTD.,11,0,11
364,LINK STAR MANPOWER SERVICES PVT. LTD.,76,3,79
365,LIVERPOOL H.R. SOLUTION PVT.LTD.,152,4,156
,LOGIN INTERNATIONAL OVERSEAS RECRUITMENT PVT.,,,
366,LTD.(GLOBAL SAPANA OVERSEAS PVT LTD),73,3,76
367,LOTUS HUMAN RESOURCE PVT. LTD.,12,0,12
368,LUCKY H. R. SOLUTION PVT. LTD.,212,0,212
369,LUCKY HUMAN RESOURCE PVT.LTD.,38,0,38
370,LUCKY OVERSEAS PVT. LTD.,28,0,28
371,LULU INTERNATIONAL PVT. LTD.,1,0,1
372,LUMBINI DARSHAN MANPOWER PVT. LTD.,9,0,9
,LUNA HR SOLUTIONS PVT. LTD (TEAM FORCE OVERSEAS,,,
373,PVT. LTD.),12,0,12
374,M.B. HUMAN RESOURCE PVT.LTD.,50,5,55
375,MAA PADMA PLACEMENT PVT.LTD,7,4,11
376,MADI OVERSEAS SERVICES PVT. LTD.,5,0,5
,MAHAD MANPOWER PVT. LTD. (SPLENDID JOB SOLUTION,,,
377,PVT. LTD.),15,0,15
378,Mahagadhi Overseas P. Ltd.,4,0,4
379,MANAKAMANA FOREIGN EMPLOYMENT CO P LTD,2,21,23
380,MANASLU INTERNATIONAL SERVICES PVT. LTD.,134,0,134
381,MANJUSHREE OVERSEAS SERVICE PVT. LTD.,35,0,35
382,MANPOWER LINK PVT. LTD.,12,0,12
383,MANSUR MANPOWER PVT.LTD.,44,0,44
384,MARVELOUS EMPLOYMENT NEPAL PVT. LTD.,4,0,4
385,MASHAREQ INTERNATIONAL OVERSEAS PVT.LTD,15,0,15
386,MASS HUMAN RESOURCE PVT. LTD.,197,5,202
,Maven Recruitment Services Pvt. Ltd.(BABY STAR,,,
387,INTERNATIONAL PVT. LTD.),90,0,90
388,Max Employment Center Pvt. Ltd.,16,0,16
389,MBK OVERSEAS PVT. LTD.,5,0,5
390,MECHI INTERNATIONAL OVERSEAS PVT.LTD.,3,2,5
391,MEHANDI OVERSEAS PVT. LTD.,48,0,48
392,MEMORIAL OVERSEAS SERVICES PVT. LTD.,7,0,7
393,MERIDIAN OVERSEAS P.LTD.,273,0,273
394,METTA INTERNATIONAL PVT. LTD.,6,0,6
395,MIDDLE ORBIT OVERSEAS PVT. LTD,0,1,1
396,MILESTONE EMPLOYMENT SERVICE PVT. LTD.,162,20,182
,Minawa Recruitment H.R. Pvt Ltd(Eshaman Manpower Pvt,,,
397,Ltd),64,12,76
398,MIRACLE EMPLOYMENT SERVICE PVT. LTD.,54,0,54
,MIRACLE MANPOWER PVT.LTD (UDAYAPUR OVERSEAS,,,
399,PVT.LTD),84,2,86
400,MITHILA INTERNATIONAL SERVICE PVT. LTD.,6,0,6
401,MITHILA MENPOWER SERVICE PVT. LTD,113,0,113
,MITRA OVERSEAS PVT. LTD. (EAGLE OVERSEAS SERVICE,,,
402,PVT. LTD. ),14,0,14
403,MOBHIRA H.R. SERVICE PVT. LTD.,37,0,37
,MOBHIRA RECRUITMENT CONSULTANCY SERVICES PVT.,,,
404,LTD.,55,20,75
405,MODEL ENTERPRISES PVT. LTD.,8,0,8
406,MONEY HOME OVERSEAS PVT. LTD.,11,0,11
407,MONTAGE OVERSEAS PVT.LTD.,80,4,84
408,MORGEN GLOBAL H.R. CONSULTANCY PVT. LTD.,66,2,68
409,MOTHERLAND OVERSEAS PVT. LTD.,85,0,85
410,MOUNTAIN GROUP INTERNATIONAL PVT.LTD.,0,1,1
411,MUNAL OVERSEAS PVT. LTD.,29,0,29
412,MUSKAN OVERSEAS PVT.LTD,174,0,174
413,N. S. INTERNATIONAL PVT. LTD.,21,0,21
414,NAASA HUMAN RESOURCE PVT. LTD.,9,0,9
415,NAAZ OVERSEAS PVT.LTD. (SANAZ OVERSEAS PVT.LTD),72,0,72
416,NABIL OVERSEAS PVT. LTD.,52,8,60
417,NAMASTE NEPAL MANPOWER PVT. LTD.,9,0,9
418,Namo Buddha Recruitment Pvt.Ltd,0,1,1
419,NAP INTERNATIONAL PVT. LTD.,6,0,6
,NASSER INTERNATIONAL PLACEMENT SERVICES PVT.,,,
420,LTD.(CONTINENTAL MANPOWER (NEPAL) PVT. LTD.),6,0,6
421,NASSER OUTSOURCING CONSULTANTS PVT.LTD.,115,0,115
422,NATIONAL EXPORTS MANPOWER CONSULTANT PVT. LTD.,34,0,34
423,NAUKRI NEPAL RECRUITMENT SERVICES PVT.LTD.,25,5,30
424,NAVAJEEVAN INTERNATIONAL PVT. LTD.,47,0,47
425,NEED EMPLOYMENT SERVICE PVT. LTD.,70,0,70
426,NEEL KAMAL HUMAN RESOURCE PVT. LTD.,61,15,76
427,NEPAL GATE WAY OVERSEAS PVT.LTD.,2,0,2
428,Nepal HR Solution Pvt. Ltd.,90,0,90
429,NEPAL LIFE RECRUITMENT AGENCY PVT LTD,5,4,9
430,NEPAL PLACEMENT AGENCY PVT. LTD.,84,0,84
431,NEPAL RECRUITMENT CONSULTANCY PVT.LTD.,85,0,85
432,NEW ALFA HR SERVICES PVT. LTD.,2,0,2
433,NEW GURKHAS INTERNATIONAL PVT. LTD.,9,0,9
434,NEW LIGHT INTERNATIONAL PVT.LTD,1,3,4
435,NEW PATHIBHARA PLACEMENT SERVICES (P.) LTD.,8,0,8
436,NEW SHRISTI OVERSEASE PVT. LTD.,72,0,72
437,NEW WORLD OVERSEAS SERVICE PVT. LTD.,113,0,113
438,NEXUS HUMAN RESOURCE PVT.LTD.,32,0,32
439,NICE OVERSEAS PVT. LTD.,182,0,182
440,NICE RECRUITING AGENCY PVT.LTD.,59,11,70
441,NIMBUS HUMAN RESOURCE PVT. LTD.,42,0,42
442,Nirmal HR solution pvt.ltd,8,4,12
443,NISHAN RECRUITMENT SERVICES PVT. LTD.,1,0,1
444,NIWIDA CONCERN PVT. LTD.,30,0,30
445,NOOR OPPORTUNITIES OVERSEAS PVT. LTD.,21,0,21
446,NOVA INTERNATIONAL PVT. LTD.,15,0,15
447,OCTOPUS OVERSEAS PVT. LTD.,8,0,8
448,OCTOPUS RECRUITMENT PVT.LTD,23,1,24
449,OM INTERNATIONAL HUMAN RESOURCES PVT.LTD,3,0,3
450,OM OVERSEAS EMPLOYMENT,16,0,16
451,OM SHREE MAHASHAKTI EMPLOYMENT SERVICES P.LTD.,5,14,19
452,OMAMA MAN POWER PVT.LTD.,13,1,14
453,Omega International Pvt. Ltd.,145,45,190
,OMEGA POWER MINDS PVT. LTD.(TAIBA RISE,,,
454,MANAGEMENT PVT LTD),12,2,14
455,ORCHID OVERSEAS PVT. LTD.,25,0,25
456,ORIENTAL OVERSEAS PVT. LTD.,12,0,12
457,OSHO RECRUITING AGENCY PVT.LTD,107,3,110
458,OSKAR OVERSEAS PVT.LTD(F.S.I. NEPAL PVT.LTD.),10,0,10
459,OUR DESTINY EMPLOYMENT SERVICES,84,2,86
460,Overseas Employment (P.) Ltd.,7,0,7
461,OXFORD INTERNATIONAL PVT. LTD.,156,0,156
,OXON INTERNATIONAL PVT.LTD.(AVATAR HUMAN,,,
462,RESOURCES PVT.LTD),25,13,38
463,OZONE OVERSEAS SERVICE PVT. LTD.,6,0,6
464,PACIFIC HUMAN RESORCES PVT. LTD,37,22,59
465,PACIFIC OVERSEAS CONSULT PVT. LTD.,82,0,82
466,PALHI OVERSEAS (PVT.) LTD.,91,2,93
467,PALIV INTERNATIONAL PVT. LTD.,69,5,74
468,PANGENI HUMAN RESOURCES PVT. LTD,34,0,34
469,Paradeshi Overseas Services Pvt. Ltd.,3,1,4
470,PARADISE INTERNATIONAL PVT. LTD.,178,46,224
471,PARAGON H.R. MANAGEMENT PVT.LTD.,1,0,1
472,PARAMOUNT EMPLOYMENT CONSULTANCY PVT. LTD.,201,0,201
473,PARAMOUNT HUMAN RESOURCES PVT.LTD.,4,4,8
474,PARI OVERSEAS PVT. LTD.,12,0,12
475,Parsa Overseas Pvt.Ltd.,1,0,1
476,PAS INTERNATIONAL PVT. LTD.,1,0,1
477,PASA INTERNATIONAL PVT. LTD.,2,0,2
478,Pashupati HR Solution Pvt. Ltd.,5,0,5
479,Peace International Pvt. Ltd.,37,0,37
480,PEOPLE &amp;amp; PLACES PVT. LTD.,34,0,34
481,PEOPLE HRS Pvt. Ltd.,83,7,90
482,PERFECT DESTINATION PVT. LTD.,7,0,7
483,PERFECT RECRUITING SERVICE PVT. LTD.,37,26,63
484,Pigeon H.R. Solutions Pvt. Ltd.,28,0,28
485,PIGEON INTERNATIONAL OVERSEAS PVT. LTD.,150,0,150
486,PIONEER OVERSEAS SERVICES PVT. LTD.,1,0,1
487,POKHARA RECRUITMENT PVT.LTD,8,3,11
488,POWER HOUSE OVERSEAS CONCERN PVT.LTD.,21,0,21
489,PRATIGYA OVERSEAS PVT. LTD.,3,0,3
490,PRAYAS RE-EMPLOYMENT CONSULTANT (PVT.) LTD.,5,2,7
491,PREMIER CONSULTANT EMPLOYMENT PVT. LTD.,10,0,10
492,PRINCE INTERNATIONAL EMPLOYMENT SERVICE PVT. LTD.,16,0,16
493,Pritam Employment Pvt. Ltd.,2,0,2
494,PROFESSIONAL MANPOWER SERVICES PVT. LTD.,15,0,15
495,Proficient employment services pvt.ltd,2,0,2
496,PROGRESSIVE PLACEMENT SERVICES NEPAL (P) LTD,11,0,11
497,PROTECH NEPAL EMPLOYMENT PVT. LTD.,46,7,53
498,PRUDENTIAL OVERSEAS PVT LTD,29,7,36
,PUKAR INTERNATIONAL RECRUITMENT PVT. LTD.(PUKAR,,,
499,INTERNATIONAL OVERSEAS PVT. LTD.),70,0,70
500,PUMORI OVERSEAS PVT LTD,10,0,10
,PYRAMID INTERNATIONAL EMPLOYMENT SERVICE PVT.,,,
501,LTD.,10,0,10
502,R. A. International Employment Agency Pvt Ltd,26,0,26
503,R.B. OVERSEAS PVT. LTD.,54,0,54
504,R.B. RECRUITMENT SERVICE PVT. LTD,28,0,28
505,R.K.H.R. Solution Pvt.Ltd.,1,0,1
506,R.K.MANPOWER GROUP PVT.LTD.,2,0,2
507,RADIANT OVERSEAS PVT. LTD.,11,0,11
508,RADIUM INTERNATIONAL EMPLOYMENT SERVICES PVT.LTD,37,0,37
509,RAINBOW OVERSEAS PVT. LTD.,90,13,103
510,RAJ GROUP OF COMPANY PVT.LTD.,13,7,20
511,RAJ OVERSEAS PVT. LTD,53,0,53
512,RAKI INTERNATIONAL PVT. LTD.,4,2,6
513,RAPID INTERNATIONAL PVT. LTD.,47,0,47
514,Rasuwa Overseas Pvt Ltd,23,0,23
515,RATIONAL OVERSEAS PVT. LTD.,2,0,2
516,RAWAL INTERNATIONAL PVT. LTD.,6,8,14
517,RAYS RECRUITMENT PVT. LTD.,19,0,19
518,REAL RESOURCE MANAGEMENT -PVT. LTD.,4,0,4
519,REAZ AND FARAH EMPLOYMENT SERVICES PVT. LTD.,19,0,19
520,RECENT JOB PLACEMENT PVT. LTD,35,0,35
521,RED CORAL ASSOCIATES (P) LTD.,13,0,13
522,Red panda international overseas pvt ltd,2,0,2
,RED SUN EMPLOYMENT SERVICE PVT.LTD.(RED SUN,,,
523,SOLUTIONS PVT.LTD),10,0,10
524,RELATION EMPLOYMENT SERVICE PVT. LTD.,57,3,60
525,RELIANCE H.R. SOLUTION PVT. LTD.,50,1,51
526,RELIANCE RECRUITMENT SERVICES PVT. LTD.,51,0,51
527,Reva Overseas Pvt.Ltd,21,1,22
528,REVIVE NEPAL PVT. LTD.,4,0,4
529,RHYTHM OVERSEAS PVT. LTD.,29,1,30
530,RICHHOOD OVERSEAS INCORPORATE PVT. LTD.,4,0,4
531,RIGHT - WAY ENTERPRISES PVT. LTD.,35,21,56
532,RISING RECRUITMENT PVT. LTD.,4,0,4
533,RIZA OVERSEAS EMPLOYMENT PVT. LTD.,2,0,2
534,ROLEX RECRUITMENT AGENCEY PVT. LTD.,5,0,5
535,ROSE EMPLOYMENT SERVICES PVT. LTD.,71,0,71
536,ROTARY OVERSEAS PVT. LTD.,37,9,46
537,ROVE INTERNATIONAL PVT.LTD.,17,0,17
538,Royal and Partners Services Pvt.Ltd.,19,0,19
539,ROYAL INTERNATIONAL OVERSEAS PVT. LTD.,63,8,71
540,ROYAL OVERSEAS NEPAL PVT. LTD.,20,0,20
541,S.and S.Human Resource,12,0,12
542,S.L.D.INTERNATIONAL PVT.LTD.,2,0,2
543,S.N. Recruiting Service Pvt Ltd,44,2,46
544,S.P.M. OVERSEAS PVT.LTD.,27,5,32
,S.R. Group HR Consultancy Pvt Ltd(Access Partner,,,
545,Manpower Pvt Ltd),22,0,22
546,S.R.K. OVERSEAS NEPAL PVT. LTD.(S.R.K. NEPAL PVT. LTD.),14,6,20
547,S.S. Group Of Management Pvt. Ltd.,1,6,7
548,S.V. ASSOCIATES PVT. LTD.,19,0,19
549,SAAN NEPAL PVT.LTD.,174,2,176
550,SAB INTERNATIONAL HUMAN RESOURCE PVT.LTD,23,1,24
551,SADHANA INTERNATIONAL PVT. LTD.,59,0,59
552,SADIKSHA OVERSEAS PVT LTD,104,0,104
553,SAFELAND OVERSEAS PVT.LTD,8,0,8
554,SAGAR RECRUITMENT PVT.LTD,11,6,17
,Sagarmatha International Employment Pvt. Ltd.(K.B,,,
555,INTERNATIONAL EMPLOYMENT (P) LTD),17,2,19
556,SAGUN OVERSEAS SERVICES PVT. LTD.,27,2,29
557,SAHARA INTERNATIONAL PVT.LTD.,75,0,75
558,SAKSHAM HUMAN RESOURCES PVT.LTD.,16,10,26
,SALAM OVERSEAS SERVICES PVT.LTD.(SAIPAL HUMAN,,,
559,RESOURCE PVT.LTD.),7,0,7
560,SAMRIDHHA HUMAN RESOURCES PVT. LTD.,75,10,85
561,SAMYOG OVERSEAS PVT. LTD.,70,0,70
562,Sandiya Human Resources Private Limited,28,1,29
563,SANSAR INTERNATIONAL SERVICES PVT. LTD.,31,0,31
564,Santi Overseas Pvt. Ltd.,76,0,76
565,SAPTAKOSHI HUMAN RESOURCE PVT. LTD.,112,0,112
566,Sara Khasa Human Resource Pvt.Ltd.,20,2,22
567,SAUDI NEPAL RECRUITMENT AGENCY PVT. LTD.,27,1,28
568,Saugat Employment Service Pvt.Ltd.,45,0,45
569,SCC MANPOWER COMPANY PVT.LTD.,11,23,34
570,Seagull International Global H.R. Consultants Pvt. Ltd.,38,6,44
571,SEVEN SEAS INTERCONTINENTAL SERVICES PVT. LTD.,2,1,3
572,SHADA EMPLOYMENT SERVICES PVT.LTD.,12,0,12
573,SHAHI GLOBAL CAREERS PVT. LTD.,2,0,2
574,SHALMA HUMAN RESOURCES OVERSEAS PVT. LTD.,10,14,24
575,SHALMANI OVERSEAS PVT. LTD.,24,10,34
576,SHAN A.B. INTERNATIONAL PVT. LTD.,16,21,37
577,SHARON MANPOWER SERVICE P. LTD.,33,14,47
,Sherman Global Management Consultants Pvt.,,,
578,Ltd.(SURKHET OVERSEAS PVT. LTD),52,1,53
,SHERPA INTERNATIONAL MANPOWER CONSULTANCY PVT.,,,
579,LTD.,12,3,15
580,SHIKHAR INTERNATIONAL MANPOWER SERVICES PVT. LTD.,84,0,84
581,SHINING STAR OVERSEAS PVT. LTD.,1,2,3
582,SHRISTI OVERSEAS EMPLOYMENT SERVICES PVT. LTD.,86,1,87
583,SHUBHA HARATI MANPOWER PVT.LTD.,50,0,50
584,Shuvam Overseas Employment (P) Ltd.,0,9,9
585,SIDDHA GLOBAL SERVICES PVT. LTD.,14,2,16
586,SIDDHARTHA GAUTAM OVERSEAS SERVICES PVT. LTD.,40,0,40
587,SIGNAL INTERNATIONAL PVT LTD,14,0,14
,SILVER CORNER INTERNATIONAL PVT.LTD.(AL RAYAN,,,
588,OVERSEAS),10,0,10
589,SIWAKOTI MANPOWER SERVICE PVT. LTD.,52,34,86
590,Sky Blue International Overseas Pvt.Ltd.,45,0,45
591,SKY OF THE WORLD MANPOWER PVT. LTD.,42,11,53
592,SKY OVERSEAS SERVICES PVT. LTD.,55,0,55
,SKY POWER INTERNATIONAL SERVICE PVT. LTD.(EVEREST,,,
593,GLOBAL RECRUITMENT SERVICE PVT LTD),5,0,5
594,Sky Star Recruitment Pvt Ltd,40,0,40
595,SKY-WAY MANAGEMENT PVT. LTD.,26,6,32
596,SKYWAYS BUREAU SERVICES PVT.LTD.,52,0,52
597,SMART OVERSEAS PVT. LTD.,64,0,64
598,SOCIAL EMPLOYMENT SERVICES PVT.LTD.,120,0,120
599,Solidarity Overseas Pvt. Ltd.,10,0,10
600,SOS MANPOWER SERVICE PVT. LTD.,93,0,93
601,SOUNDLINES RECRUITMENT (P.) LTD.,137,25,162
602,SPACE OVERSEAS SERVICE PVT. LTD.,15,0,15
603,SPEED EMPLOYMENT SERVICE PVT. LTD.,1,0,1
604,SPRINGS NEPAL HUMAN RESOURCE PVT. LTD.,13,2,15
605,SR GROUP NEPAL PVT.LTD,7,0,7
606,STAR RAY OVERSEAS PVT. LTD.,0,4,4
607,STARIS HR SERVICES PVT. LTD.,18,5,23
608,SUBAS HUMAN RESOURCES PVT. LTD.,27,0,27
609,SUFI INTERNATIONAL SERVICES PVT.LTD.,29,0,29
610,SUGAM OVERSEAS PVT. LTD.,18,0,18
611,SUHASHA LINK PVT. LTD.,32,1,33
612,SUKARMA OVERSEAS PVT. LTD.,2,0,2
613,SULAV RECRUITMENT PVT.LTD.,1,0,1
614,Sumeru overseas pvt. Ltd.,9,0,9
615,SUN AND COMPANY PVT. LTD.,16,0,16
616,SUN HILLS OVERSEAS SERVICES PVT. LTD.,4,0,4
617,SUN LIGHT HUMAN RESORUCE PVT. LTD.,49,0,49
618,SUN RAY GLOBAL OVERSEAS PVT. LTD.,62,0,62
619,Sundar Nepal Overseas Pvt. Ltd.,8,24,32
620,SUNERA NEPAL INCORPORATED PVT. LTD.,8,3,11
621,Sunlight Recruitment Service Pvt.Ltd.,13,1,14
622,SUNRISE H.R. SOLUTION PVT.LTD.,3,0,3
623,SUPA DEURALI HUMAN RESOURCE PVT.LTD.,19,0,19
624,Superb For Ultimate Manpower Solution Pvt.Ltd,1,0,1
625,SUPERB SOLUTION PVT. LTD.,10,4,14
626,SUPPORT HUMAN RESORCES PVT. LTD.,77,68,145
627,Supreme Overseas Pvt. Ltd.,17,8,25
628,Sure Job Recruitment Pvt. Ltd.,7,0,7
629,SURYA INTERNATIONAL PVT. LTD.,3,0,3
630,SWASTIK OVERSEAS SERVICES PVT. LTD.,2,0,2
631,SWIFT H.R. SOLUTION PVT.LTD,173,4,177
632,SYNNET INTERNATIONAL PVT.LTD.,4,0,4
633,Takura Overseas Pvt. Ltd.,30,0,30
634,TALENT OVERSEAS SERVICES PVT. LTD.,104,0,104
635,TARGET CONSULTANT HUMAN RESOURCES PVT LTD,26,1,27
636,Target H.R. Solution Pvt. Ltd.,3,0,3
637,Tenduli International Employment Service Pvt. Ltd.,2,0,2
638,THE CENTER OVERSEAS CONCERN PVT.LTD,38,2,40
639,THE GLOBAL RECRUITMENT AGENCY PVT. LTD.,5,3,8
640,THE RIVER OVERSEAS PVT. LTD.,1017,2,1019
641,THREE BROTHERS HUMAN RESOURCE PVT. LTD.,58,0,58
642,Tiger Overseas Employment Pvt. Ltd.,10,4,14
643,TILICHO OVERSEASE PVT.LTD.,44,1,45
644,TIMES MANAGEMENT SYSTEM PVT. LTD.,14,0,14
645,TITANIC MANPOWER SUPPLIERS PVT. LTD.,157,0,157
,TOP JOBS INTERNATIONAL EMPLOYMENT SERVICES PVT.,,,
646,LTD.,1,0,1
647,TOP JOBS PVT.LTD.,1,0,1
648,TOPAZ INTERNATIONAL PVT. LTD.,3,0,3
649,TRANS WORLD MANPOWER COMPANY PVT. LTD.,62,2,64
650,TRENDWAY INTERNATIONAL PVT.LTD.,212,0,212
651,TRICON INTERNATIONAL OVERSEAS (P.) LTD.,3,0,3
652,TRIPLE STAR EMPLOYMENT PVT. LTD.,18,0,18
653,TRIPURA EMPLOYMENT PVT. LTD.,103,0,103
654,TRIVENI H.R. SOLUTION PVT. LTD.,57,11,68
655,TRIVENI OVERSEAS CONCERN PVT. LTD.,20,4,24
656,TRUST INTERNATIONAL OVERSEAS PVT. LTD.,47,0,47
657,TRUST NEPAL OVERSEAS PVT. LTD.,21,1,22
658,Tulsi International Employment P. Ltd.,33,0,33
659,UJYALO OVERSEAS PVT.LTD.,11,1,12
660,UNITED H. R. SOLUTION PVT. LTD.,171,0,171
661,UNITED INTERNATIONAL MANPOWER PVT. LTD.,10,0,10
662,UNITED WORLD MANPOWER PVT. LTD.,7,0,7
663,Universal H.R.Solution Pvt. Ltd.,6,0,6
664,UNIVERSAL INTERNATIONAL (P.) LTD.,5,0,5
665,UTSAV H.R. SOLUTION PVT.LTD.,75,20,95
666,Uttardayi Rojgar Pvt. Ltd,56,12,68
667,VARSHA MANPOWER PVT. LTD.,63,7,70
668,Vastu Management Service Pvt.Ltd.,3,0,3
669,VICTORY NEPAL (P.) LTD.,2,2,4
670,VISHWAS OVERSEAS SERVICES PVT. LTD.,10,0,10
671,VISION & VALUE OVERSEAS PVT. LTD.,54,26,80
672,VISION INTERNATIONAL EMPLOYMENT PVT. LTD.,1,0,1
673,VITAL INTERNATIONAL SERVICE PVT. LTD.,17,1,18
674,WAHAA MANPOWERS SUPPLIER PVT. LTD.,129,0,129
675,well growing recruitment pvt.ltd.,1,5,6
676,WHITE GLOVES INTERNATIONAL PVT. LTD.,44,5,49
677,WHITE HORSE INTERNATIONAL PVT.LTD.,29,4,33
678,White Pearl Light Manpower Services Pvt. Ltd.,0,6,6
679,WIDE SPACE INTERNATIONAL PVT. LTD,185,0,185
680,WIN RECRUITMENT PVT.LTD,78,1,79
681,WISDOM HUMAN RESOURCE PVT.LTD.,12,0,12
682,WISE INTERNATIONAL NEPAL PVT.LTD,30,6,36
683,Woodland International Pvt.Ltd,41,0,41
684,WORKFORCE SERVICES PVT. LTD.,16,0,16
685,WORLD FAVOUR OVERSEAS PVT. LTD.,14,0,14
686,WORLD NET RECRUITMENT CONSULTANT PVT.LTD.,6,0,6
,WORLD VIEW INTERNATIONAL HUMAN RESOURCES,,,
687,(PVT).LTD,9,1,10
688,WORLD WIDE EMPLOYMENT CONSULTANT (P.) LTD.,3,0,3
689,WORLD WIDE HUMAN RESOURCE NETWORKING PVT. LTD.,25,0,25
690,WORLDWAYS MANPOWER INC (P.) LTD.,90,0,90
,Y.K. MANPOWER AGENCY PVT. LTD.(ASIA POWER,,,
691,OVERSEAS EMPLOYMENT SERVICES),103,0,103
692,YACCA OVERSEAS EMPLOYMENT CONSULT (P.) LTD.,37,1,38
693,YANA MANAGEMENT SERVICES PVT. LTD.,2,1,3
694,Yatra H.R. Solution,21,0,21
695,YOUNG MANPOWER PVT.LTD. (PUJAN H. R. SERVICE),61,0,61
696,YOUTH MANPOWER PVT.LTD.,13,3,16
697,YUSHO GLOBAL PVT.LTD.,26,0,26
,ZIA INTERNATIONAL SERVICES PVT. LTD. (AL QURAISH,,,
698,INTERNATIONAL P. LTD.),9,1,10
,Grand Total,27106,2182,29288
Report on Final Approved List Skill Wise,,,from 2023-02-13 to 2023-03-14,
S.N,Skill Type,Approved No Of Men,Approved No Of Women,Total
1,High Skilled,27,3,30
2,Professional,59,9,68
3,Semi Skilled,5003,446,5449
4,Skilled,39456,3262,42718
5,Unskilled,12174,1406,13580
,Grand Total,56719,5126,61845
